Fecha,Aeropuerto,Pasajeros,Capacidad,LoadFactor
2008-01-01,Aeropuerto C. Arturo Merino Benítez,227888.3,278194.3,81.91695516407059
2008-01-01,Aeropuerto Diego Aracena,1861,1857.95,100.16415942302
2008-01-01,Aeropuerto El Tepual,41,47.29999999999999,86.68076109936577
2008-01-01,Aeropuerto Isla de Pascua,549,778.55,70.51570226703487
2008-01-01,Aeropuerto Punta Arenas,883,1210.6499999999999,72.93602610168092
2008-01-01,Chacalluta - Aeropuerto,137,133.60000000000002,102.5449101796407
2008-02-01,Aeropuerto C. Arturo Merino Benítez,226825.18,282383.72,80.32516180465362
2008-02-01,Aeropuerto Cerro Moreno,99,95.25,103.93700787401573
2008-02-01,Aeropuerto Diego Aracena,2061,2268.2999999999997,90.86099722258962
2008-02-01,Aeropuerto El Tepual,82,59.449999999999974,137.93103448275866
2008-02-01,Aeropuerto Isla de Pascua,723,732,98.77049180327869
2008-02-01,Aeropuerto Punta Arenas,959,992.75,96.60035255603123
2008-02-01,Chacalluta - Aeropuerto,298,281.9,105.71124512238383
2008-03-01,Aeropuerto C. Arturo Merino Benítez,209166.94,278899.75,74.99717730116288
2008-03-01,Aeropuerto Carriel Sur,0,0,NA
2008-03-01,Aeropuerto Cerro Moreno,70,96.1,72.84079084287201
2008-03-01,Aeropuerto Diego Aracena,886,1389.85,63.747886462567905
2008-03-01,Aeropuerto El Tepual,10,59.449999999999974,16.82085786375106
2008-03-01,Aeropuerto Isla de Pascua,625,685.05,91.23421648054887
2008-03-01,Aeropuerto Punta Arenas,351,990.4499999999999,35.43843707405725
2008-03-01,Chacalluta - Aeropuerto,184,280.9,65.50373798504806
2008-04-01,Aeropuerto C. Arturo Merino Benítez,162260.58,265708.69999999995,61.06709339965158
2008-04-01,Aeropuerto Cerro Moreno,87,97.19999999999999,89.50617283950618
2008-04-01,Aeropuerto Diego Aracena,650,1386.9999999999998,46.86373467916367
2008-04-01,Aeropuerto Isla de Pascua,435,685.05,63.49901467046202
2008-04-01,Aeropuerto Punta Arenas,142,215.14999999999998,66.00046479200559
2008-04-01,Chacalluta - Aeropuerto,111,275.2,40.3343023255814
2008-05-01,Aeropuerto C. Arturo Merino Benítez,162435.83,267260.3,60.77813652083754
2008-05-01,Aeropuerto Cerro Moreno,216,192.59999999999997,112.14953271028038
2008-05-01,Aeropuerto Diego Aracena,851,1522.1499999999999,55.90776204710443
2008-05-01,Aeropuerto Isla de Pascua,582,685.05,84.9573023866871
2008-05-01,Aeropuerto Punta Arenas,115,217.54999999999998,52.861411169846015
2008-05-01,Chacalluta - Aeropuerto,144,269.5,53.432282003710576
2008-06-01,Aeropuerto C. Arturo Merino Benítez,159242.54,268459.85,59.317078512857705
2008-06-01,Aeropuerto Cerro Moreno,108,189,57.14285714285714
2008-06-01,Aeropuerto Diego Aracena,724,1381.2999999999997,52.414392239194974
2008-06-01,Aeropuerto Isla de Pascua,451,685.05,65.83461061236406
2008-06-01,Aeropuerto Punta Arenas,70,223.95,31.256977003795495
2008-06-01,Chacalluta - Aeropuerto,331,321.09999999999997,103.08315166614763
2008-07-01,Aeropuerto C. Arturo Merino Benítez,179491.83,266289.45,67.40478453051745
2008-07-01,Aeropuerto Cerro Moreno,102,183.5999999999999,55.55555555555558
2008-07-01,Aeropuerto Diego Aracena,928,1378.4499999999998,67.32199209256775
2008-07-01,Aeropuerto Isla de Pascua,614,685.05,89.62849427049122
2008-07-01,Aeropuerto Punta Arenas,103,204.95,50.256160039033915
2008-07-01,Chacalluta - Aeropuerto,174,319.45,54.46861793707936
2008-08-01,Aeropuerto C. Arturo Merino Benítez,194109.81,262213.55,74.02737577825403
2008-08-01,Aeropuerto Cerro Moreno,118,181.69999999999996,64.94221243808477
2008-08-01,Aeropuerto Diego Aracena,771,1375.6,56.048269845885436
2008-08-01,Aeropuerto Isla de Pascua,540,685.05,78.82636303919422
2008-08-01,Aeropuerto Punta Arenas,112,204.95,54.64747499390096
2008-08-01,Chacalluta - Aeropuerto,222,317.79999999999995,69.85525487728131
2008-09-01,Aeropuerto C. Arturo Merino Benítez,185499.72,264655.55,70.09099941414416
2008-09-01,Aeropuerto Cerro Moreno,133,182.79999999999995,72.7571115973742
2008-09-01,Aeropuerto Diego Aracena,729,1372.7499999999998,53.105081041704615
2008-09-01,Aeropuerto Isla de Pascua,588,685.05,85.83315086490038
2008-09-01,Aeropuerto Punta Arenas,102,204.95,49.7682361551598
2008-09-01,Chacalluta - Aeropuerto,166,316.15,52.50672149296221
2008-10-01,Aeropuerto C. Arturo Merino Benítez,187489.25,258136.3,72.63188090942654
2008-10-01,Aeropuerto Cerro Moreno,93,178.64999999999992,52.057094878253594
2008-10-01,Aeropuerto Diego Aracena,773,1369.8999999999999,56.42747645813564
2008-10-01,Aeropuerto Isla de Pascua,491,685.05,71.67360046711919
2008-10-01,Aeropuerto Punta Arenas,112,215.2,52.04460966542751
2008-10-01,Chacalluta - Aeropuerto,229,314.5,72.81399046104929
2008-11-01,Aeropuerto C. Arturo Merino Benítez,179575.79,257097.69999999998,69.84729540559873
2008-11-01,Aeropuerto Cerro Moreno,408,312,130.76923076923077
2008-11-01,Aeropuerto Diego Aracena,749,1363.1999999999998,54.94424882629109
2008-11-01,Aeropuerto Isla de Pascua,466,685.05,68.02423180789724
2008-11-01,Aeropuerto Punta Arenas,457,983.55,46.46433836612272
2008-11-01,Chacalluta - Aeropuerto,258,312.84999999999997,82.46763624740292
2008-12-01,Aeropuerto C. Arturo Merino Benítez,186903.7,265873.2,70.29805937567232
2008-12-01,Aeropuerto Cerro Moreno,50,312,16.025641025641026
2008-12-01,Aeropuerto Diego Aracena,758,1316.9999999999998,57.55504935459378
2008-12-01,Aeropuerto Isla de Pascua,576,669.0999999999999,86.08578687789569
2008-12-01,Aeropuerto Punta Arenas,769,964.3,79.74696671160427
2008-12-01,Chacalluta - Aeropuerto,86,312.84999999999997,27.48921208246764
2009-01-01,Aeropuerto C. Arturo Merino Benítez,193734.47,269254.8,71.95209519013217
2009-01-01,Aeropuerto Cerro Moreno,95,302.39999999999986,31.41534391534393
2009-01-01,Aeropuerto Diego Aracena,1387,1619.6,85.6384292417881
2009-01-01,Aeropuerto Isla de Pascua,505,669.0999999999999,75.47451800926619
2009-01-01,Aeropuerto Punta Arenas,758,904.5,83.80320619126589
2009-01-01,Chacalluta - Aeropuerto,146,312.84999999999997,46.6677321400032
2009-02-01,Aeropuerto C. Arturo Merino Benítez,186923.81,257742.94999999998,72.52334544940997
2009-02-01,Aeropuerto Cerro Moreno,122,302.39999999999986,40.34391534391536
2009-02-01,Aeropuerto Diego Aracena,1296,1535.85,84.38324055083505
2009-02-01,Aeropuerto El Tepual,0,0,NA
2009-02-01,Aeropuerto Isla de Pascua,859,730.2999999999998,117.6228947008079
2009-02-01,Aeropuerto Punta Arenas,647,773.4,83.65658132919576
2009-02-01,Chacalluta - Aeropuerto,209,290.8499999999999,71.8583462265773
2009-03-01,Aeropuerto C. Arturo Merino Benítez,182620.26,252210.8,72.4077874539869
2009-03-01,Aeropuerto Cerro Moreno,83,302.39999999999986,27.44708994708996
2009-03-01,Aeropuerto Diego Aracena,904,1010.4499999999999,89.46508981147015
2009-03-01,Aeropuerto Isla de Pascua,697,769.8999999999999,90.53123782309392
2009-03-01,Aeropuerto Punta Arenas,308,773.4,39.82415309025084
2009-03-01,Chacalluta - Aeropuerto,104,290.8499999999999,35.757263194086306
2009-04-01,Aeropuerto C. Arturo Merino Benítez,164664.23,243213.55,67.70355927948917
2009-04-01,Aeropuerto Cerro Moreno,69,302.39999999999986,22.817460317460327
2009-04-01,Aeropuerto Diego Aracena,680,1010.4499999999999,67.29674897322975
2009-04-01,Aeropuerto Isla de Pascua,662,769.8999999999999,85.985192882192507
2009-04-01,Aeropuerto Punta Arenas,179,180.35,99.25145550318824
2009-04-01,Chacalluta - Aeropuerto,97,290.8499999999999,33.35052432525358
2009-05-01,Aeropuerto C. Arturo Merino Benítez,141642.05,242355.15,58.44400253099634
2009-05-01,Aeropuerto Cerro Moreno,85,256.7499999999998,33.10613437195718
2009-05-01,Aeropuerto Diego Aracena,485,1010.4499999999999,47.99841654708298
2009-05-01,Aeropuerto Isla de Pascua,508,769.8999999999999,65.98259514222627
2009-05-01,Aeropuerto Punta Arenas,97,183.75,52.7891156462585
2009-05-01,Chacalluta - Aeropuerto,76,290.8499999999999,26.13030771875538
2009-06-01,Aeropuerto C. Arturo Merino Benítez,147373.45,243855.5,60.43474516670734
2009-06-01,Aeropuerto Cerro Moreno,74,74,100
2009-06-01,Aeropuerto Diego Aracena,484,1010.4499999999999,47.899450739769414
2009-06-01,Aeropuerto Isla de Pascua,371,769.8999999999999,48.18807637355501
2009-06-01,Aeropuerto Punta Arenas,87,187.35,46.437149719775825
2009-06-01,Chacalluta - Aeropuerto,243,431.04999999999995,56.37397053706067
2009-07-01,Aeropuerto C. Arturo Merino Benítez,161708.15,235642.94999999998,68.62422576189951
2009-07-01,Aeropuerto Cerro Moreno,274,397.8,68.87883358471593
2009-07-01,Aeropuerto Diego Aracena,2415,2516.35,95.97234089057564
2009-07-01,Aeropuerto Isla de Pascua,595,769.8999999999999,77.28276399532407
2009-07-01,Aeropuerto Punta Arenas,91,180.35,50.457443859162744
2009-07-01,Chacalluta - Aeropuerto,397,493.75,80.40506329113924
2009-08-01,Aeropuerto C. Arturo Merino Benítez,175501.46,236493.44999999998,74.20986078049941
2009-08-01,Aeropuerto Cerro Moreno,149,395.6,37.664307381193126
2009-08-01,Aeropuerto Diego Aracena,1838,2496.2000000000003,73.63192051918917
2009-08-01,Aeropuerto Isla de Pascua,535,769.8999999999999,69.48954409663594
2009-08-01,Aeropuerto Punta Arenas,135,180.35,74.8544496811755
2009-08-01,Chacalluta - Aeropuerto,272,490.44999999999993,55.459272097053734
2009-09-01,Aeropuerto C. Arturo Merino Benítez,157394,237199.65,66.35507261498911
2009-09-01,Aeropuerto Cerro Moreno,194,395.2,49.08906882591093
2009-09-01,Aeropuerto Diego Aracena,2120,2491.45,85.0910112585041
2009-09-01,Aeropuerto Isla de Pascua,439,769.8999999999999,57.02039225873491
2009-09-01,Aeropuerto Punta Arenas,95,180.35,52.67535347934572
2009-09-01,Chacalluta - Aeropuerto,238,487.15,48.85558862773273
2009-10-01,Aeropuerto C. Arturo Merino Benítez,178585.19,238862.25,74.7649283216582
2009-10-01,Aeropuerto Cerro Moreno,153,393.6,38.87195121951219
2009-10-01,Aeropuerto Diego Aracena,2314,2516.75,91.94397536505414
2009-10-01,Aeropuerto Isla de Pascua,589,769.8999999999999,76.50344200545527
2009-10-01,Aeropuerto Punta Arenas,118,205.9,57.30937348227295
2009-10-01,Chacalluta - Aeropuerto,281,472.8499999999999,59.42687956011421
2009-11-01,Aeropuerto C. Arturo Merino Benítez,198122.38,237244,83.50996442481159
2009-11-01,Aeropuerto Cerro Moreno,150,266,56.390977443609025
2009-11-01,Aeropuerto Diego Aracena,2312,2521.6,91.68781725888326
2009-11-01,Aeropuerto Isla de Pascua,567,769.8999999999999,73.64592804260295
2009-11-01,Aeropuerto Punta Arenas,133,180.35,73.745494871084
2009-11-01,Chacalluta - Aeropuerto,405,454.84999999999997,89.04034297020996
2009-12-01,Aeropuerto C. Arturo Merino Benítez,211189.54,240709.8,87.73616196764735
2009-12-01,Aeropuerto Cerro Moreno,88,126.4,69.62025316455696
2009-12-01,Aeropuerto Diego Aracena,2116,2517.6,84.0482999682237
2009-12-01,Aeropuerto El Tepual,0,0,NA
2009-12-01,Aeropuerto Isla de Pascua,594,769.8999999999999,77.15287699701261
2009-12-01,Aeropuerto Punta Arenas,456,781.1999999999999,58.37173579109064
2009-12-01,Chacalluta - Aeropuerto,520,557.1499999999999,93.33213676747735
2010-01-01,Aeropuerto C. Arturo Merino Benítez,195077,250348.75,77.92209867235206
2010-01-01,Aeropuerto Cerro Moreno,105,125.79999999999998,83.46581875993641
2010-01-01,Aeropuerto Diego Aracena,2770,3129.55,88.51112779792622
2010-01-01,Aeropuerto Isla de Pascua,467,769.8999999999999,60.65722821145605
2010-01-01,Aeropuerto Punta Arenas,635,680.5,93.31373989713447
2010-01-01,Chacalluta - Aeropuerto,708,706.55,100.20522256032835
2010-02-01,Aeropuerto C. Arturo Merino Benítez,166534.49,256660.221,64.88519699357697
2010-02-01,Aeropuerto Cerro Moreno,257,275.2,93.38662790697676
2010-02-01,Aeropuerto Diego Aracena,3002,3394.1,88.4476002474883
2010-02-01,Aeropuerto Isla de Pascua,857,768.9999999999999,111.44343302990897
2010-02-01,Aeropuerto La Florida,120,120,100
2010-02-01,Aeropuerto Punta Arenas,463,618.8,74.82223658694247
2010-02-01,Chacalluta - Aeropuerto,534,630.95,84.63428163879864
2010-03-01,Aeropuerto C. Arturo Merino Benítez,135724.83,249287.4,54.445122376822894
2010-03-01,Aeropuerto Cerro Moreno,66,139.59999999999997,47.27793696275073
2010-03-01,Aeropuerto Diego Aracena,981,2557.9999999999995,38.35027365129008
2010-03-01,Aeropuerto Isla de Pascua,551,749.7499999999999,73.49116372124043
2010-03-01,Aeropuerto Punta Arenas,197,229.99999999999994,85.6521739130435
2010-03-01,Chacalluta - Aeropuerto,239,627.8499999999999,38.0664171378514
2010-04-01,Aeropuerto C. Arturo Merino Benítez,145713.88,239248.8,60.90474852956421
2010-04-01,Aeropuerto Cerro Moreno,67,124,54.03225806451613
2010-04-01,Aeropuerto Diego Aracena,935,2556.8999999999996,36.56771872188979
2010-04-01,Aeropuerto Isla de Pascua,655,745.8999999999999,87.81337980962597
2010-04-01,Aeropuerto Punta Arenas,154,197.69999999999996,77.89580171977745
2010-04-01,Chacalluta - Aeropuerto,421,624.75,67.38695478191276
2010-05-01,Aeropuerto C. Arturo Merino Benítez,165069.7,239824.4,68.82940184568376
2010-05-01,Aeropuerto Cerro Moreno,85,123.4,68.88168557536466
2010-05-01,Aeropuerto Diego Aracena,690,1085.8,63.54761466200037
2010-05-01,Aeropuerto Isla de Pascua,545,745.8999999999999,73.06609465075749
2010-05-01,Aeropuerto Punta Arenas,114,219.29999999999995,51.983584131326964
2010-05-01,Chacalluta - Aeropuerto,414,621.65,66.59695970401351
2010-06-01,Aeropuerto C. Arturo Merino Benítez,173339.31,242077.59999999998,71.60485315452566
2010-06-01,Aeropuerto Cerro Moreno,61,123.4,49.43273905996758
2010-06-01,Aeropuerto Diego Aracena,584,1085.8,53.785227482040895
2010-06-01,Aeropuerto El Tepual,0,0,NA
2010-06-01,Aeropuerto Isla de Pascua,304,745.8999999999999,40.75613352996381
2010-06-01,Aeropuerto Punta Arenas,97,197.69999999999996,49.064238745574116
2010-06-01,Chacalluta - Aeropuerto,321,621.65,51.63677310383656
2010-07-01,Aeropuerto C. Arturo Merino Benítez,145011.53,246602.94999999998,58.80364772603086
2010-07-01,Aeropuerto Cerro Moreno,98,117.35,83.51086493395825
2010-07-01,Aeropuerto Diego Aracena,990,1161.9499999999998,85.20160075734758
2010-07-01,Aeropuerto Isla de Pascua,507,745.8999999999999,67.971577959512
2010-07-01,Aeropuerto Punta Arenas,136,197.69999999999996,68.79109762266062
2010-07-01,Chacalluta - Aeropuerto,545,622.75,87.51505419510237
2010-08-01,Aeropuerto C. Arturo Merino Benítez,173978.85,249480.65,69.73641041900444
2010-08-01,Aeropuerto Cerro Moreno,129,129.45,99.65237543453071
2010-08-01,Aeropuerto Diego Aracena,1161,1334.9499999999998,86.96954942132665
2010-08-01,Aeropuerto Isla de Pascua,557,745.8999999999999,74.67488939536132
2010-08-01,Aeropuerto Punta Arenas,145,197.69999999999996,73.34344967121903
2010-08-01,Chacalluta - Aeropuerto,495,622.75,79.48615014050581
2010-09-01,Aeropuerto C. Arturo Merino Benítez,219091.71,257833.34999999998,84.97415481744314
2010-09-01,Aeropuerto Cerro Moreno,106,129.45,81.88489764387795
2010-09-01,Aeropuerto Diego Aracena,1159,1376.1999999999998,84.21741026013662
2010-09-01,Aeropuerto Isla de Pascua,578,745.8999999999999,77.49028019841803
2010-09-01,Aeropuerto Punta Arenas,83,197.69999999999996,41.98280222559435
2010-09-01,Chacalluta - Aeropuerto,483,627.7,76.94758642663693
2010-10-01,Aeropuerto C. Arturo Merino Benítez,221643.72,253989.5,87.26491449449682
2010-10-01,Aeropuerto Cerro Moreno,74,129.45,57.164928543839324
2010-10-01,Aeropuerto Diego Aracena,3063,2244.7999999999984,136.4486813970065
2010-10-01,Aeropuerto Isla de Pascua,449,745.8999999999999,60.19573669392682
2010-10-01,Aeropuerto Punta Arenas,152,214.49999999999994,70.86247086247089
2010-10-01,Chacalluta - Aeropuerto,401,627.7,63.88402102915405
2010-11-01,Aeropuerto C. Arturo Merino Benítez,217815.47,259560.9,83.91690350896457
2010-11-01,Aeropuerto Cerro Moreno,199,210.89999999999998,94.357515410147
2010-11-01,Aeropuerto Diego Aracena,2041.29,2941.599999999999,69.39386728311125
2010-11-01,Aeropuerto Isla de Pascua,595,745.8999999999999,79.76940608660679
2010-11-01,Aeropuerto Punta Arenas,138,222.49999999999994,62.02247191011237
2010-11-01,Chacalluta - Aeropuerto,443,627.7,70.57511550103553
2010-12-01,Aeropuerto C. Arturo Merino Benítez,238826.65,275806.05,86.59224480391202
2010-12-01,Aeropuerto Carriel Sur,103,103,100
2010-12-01,Aeropuerto Cerro Moreno,354,355.04999999999995,99.70426700464724
2010-12-01,Aeropuerto Diego Aracena,3266,3605.15,90.59262444003716
2010-12-01,Aeropuerto Isla de Pascua,473,745.8999999999999,63.41332618313448
2010-12-01,Aeropuerto Punta Arenas,209,238.39999999999995,87.66778523489934
2010-12-01,Chacalluta - Aeropuerto,580,642.55,90.26534900007782
2011-01-01,Aeropuerto C. Arturo Merino Benítez,214681.4,289094.371,74.25997236037502
2011-01-01,Aeropuerto Cerro Moreno,725,706.4499999999999,102.62580508174676
2011-01-01,Aeropuerto Diego Aracena,4582,4741.65,96.63302858709521
2011-01-01,Aeropuerto Isla de Pascua,1610,2107.8999999999996,76.37933488305897
2011-01-01,Aeropuerto Punta Arenas,130,186.04999999999998,69.87368986831498
2011-01-01,Chacalluta - Aeropuerto,0,587.75,0
2011-02-01,Aeropuerto C. Arturo Merino Benítez,239826.09,297808.6,80.53027682880884
2011-02-01,Aeropuerto Cerro Moreno,1417,1367.1999999999998,103.64248098303102
2011-02-01,Aeropuerto Diego Aracena,4097,4840.549999999999,84.63914224623235
2011-02-01,Aeropuerto Isla de Pascua,1702,1980.25,85.94874384547406
2011-02-01,Aeropuerto Punta Arenas,216,227.09999999999994,95.11228533685603
2011-02-01,Chacalluta - Aeropuerto,614,630.9499999999998,97.3135747682067
2011-03-01,Aeropuerto C. Arturo Merino Benítez,230805.1,283878.1,81.30429927493527
2011-03-01,Aeropuerto Cerro Moreno,1106,1372.7,80.57113717491076
2011-03-01,Aeropuerto Diego Aracena,1353,4020.8499999999995,33.649601452429216
2011-03-01,Aeropuerto Isla de Pascua,1536,1978.1000000000001,77.65027046155402
2011-03-01,Aeropuerto Punta Arenas,213,214.95,99.09281228192603
2011-03-01,Chacalluta - Aeropuerto,475,630.9499999999998,75.28330295586024
2011-04-01,Aeropuerto C. Arturo Merino Benítez,186582.31,288998.14999999997,64.56176622583916
2011-04-01,Aeropuerto Cerro Moreno,841,1359.3999999999999,61.865528909813165
2011-04-01,Aeropuerto Diego Aracena,948,4020.8499999999995,23.577104343608944
2011-04-01,Aeropuerto Isla de Pascua,424,1938.8000000000002,21.869197441716523
2011-04-01,Aeropuerto Punta Arenas,262,236.69999999999996,110.68863540346432
2011-04-01,Chacalluta - Aeropuerto,413,630.9499999999998,65.456850780569
2011-05-01,Aeropuerto C. Arturo Merino Benítez,195315.38,291101.39999999997,67.0953076831647
2011-05-01,Aeropuerto Cerro Moreno,857,1502.1,57.053458491445305
2011-05-01,Aeropuerto Diego Aracena,884,4020.8499999999995,21.985401096783022
2011-05-01,Aeropuerto Isla de Pascua,270,585.6500000000001,46.102621019380166
2011-05-01,Aeropuerto Punta Arenas,112,236.69999999999996,47.31727925644276
2011-05-01,Chacalluta - Aeropuerto,354,630.9499999999998,56.105872097630574
2011-06-01,Aeropuerto C. Arturo Merino Benítez,190033.41,282161,67.34928285624166
2011-06-01,Aeropuerto Cerro Moreno,1033,1341.1999999999998,77.0205785863406
2011-06-01,Aeropuerto Diego Aracena,970,4018.0499999999997,24.141063451176567
2011-06-01,Aeropuerto Isla de Pascua,274,585.6500000000001,46.785622812259874
2011-06-01,Aeropuerto Punta Arenas,55,236.69999999999996,23.23616392057457
2011-06-01,Chacalluta - Aeropuerto,368,630.9499999999998,58.324748395276984
2011-07-01,Aeropuerto C. Arturo Merino Benítez,241322.11,302288.6,79.83169395074773
2011-07-01,Aeropuerto Cerro Moreno,1020,1353.85,75.3406950548436
2011-07-01,Aeropuerto Diego Aracena,1434,3984.45,35.98991077815006
2011-07-01,Aeropuerto Isla de Pascua,335,585.6500000000001,57.201400153675394
2011-07-01,Aeropuerto Punta Arenas,46,251.44999999999996,18.293895406641482
2011-07-01,Chacalluta - Aeropuerto,467,614.4499999999998,76.00292944910085
2011-08-01,Aeropuerto C. Arturo Merino Benítez,236880.88,299164.64999999997,79.18077219350617
2011-08-01,Aeropuerto Cerro Moreno,845,1358,62.22385861561119
2011-08-01,Aeropuerto Diego Aracena,1136,3858.1,29.444545242476867
2011-08-01,Aeropuerto Isla de Pascua,225,585.6500000000001,38.41885084948347
2011-08-01,Aeropuerto Punta Arenas,0,236.69999999999996,0
2011-08-01,Chacalluta - Aeropuerto,447,611.6999999999998,73.07503678273666
2011-09-01,Aeropuerto C. Arturo Merino Benítez,223892.23,306152.35,73.13098527579488
2011-09-01,Aeropuerto Cerro Moreno,734,1287.7,57.00085423623514
2011-09-01,Aeropuerto Diego Aracena,1308,3738.95,34.98308348600543
2011-09-01,Aeropuerto Isla de Pascua,227,527.8999999999999,43.00056828944877
2011-09-01,Aeropuerto Punta Arenas,125,239.49999999999997,52.19206680584551
2011-09-01,Chacalluta - Aeropuerto,423,616.0999999999999,68.65768544067522
2011-10-01,Aeropuerto C. Arturo Merino Benítez,226502.76,301276.6,75.1809997855791
2011-10-01,Aeropuerto Cerro Moreno,474,658.1,72.02552803525299
2011-10-01,Aeropuerto Diego Aracena,1122,3722.7499999999995,30.13901014035324
2011-10-01,Aeropuerto Isla de Pascua,184,527.8999999999999,34.855086190566404
2011-10-01,Aeropuerto Punta Arenas,118,236.69999999999996,49.852133502323625
2011-10-01,Chacalluta - Aeropuerto,358,616.0999999999999,58.107450089271225
2011-11-01,Aeropuerto C. Arturo Merino Benítez,217718.12,305072.6,71.36600271541921
2011-11-01,Aeropuerto Cerro Moreno,439,658.55,66.66160504137879
2011-11-01,Aeropuerto Diego Aracena,1315,3760.0499999999997,34.97293918963844
2011-11-01,Aeropuerto Isla de Pascua,364,441.0999999999999,82.52097030151894
2011-11-01,Aeropuerto Punta Arenas,146,255.14999999999995,57.221242406427606
2011-11-01,Chacalluta - Aeropuerto,465,630.3999999999999,73.76269035532997
2011-12-01,Aeropuerto C. Arturo Merino Benítez,279779,308692.05,90.63369140863848
2011-12-01,Aeropuerto Carriel Sur,167,167,100
2011-12-01,Aeropuerto Cerro Moreno,325,657.6,49.42214111922141
2011-12-01,Aeropuerto Diego Aracena,1237,3715.45,33.29340995034249
2011-12-01,Aeropuerto Isla de Pascua,370,390.25,94.81101857783472
2011-12-01,Aeropuerto Punta Arenas,156,239.44999999999996,65.14930048026729
2011-12-01,Chacalluta - Aeropuerto,648,647.4999999999998,100.0772200772201
2012-01-01,Aeropuerto C. Arturo Merino Benítez,300819.78,334968.6285,89.80535919052492
2012-01-01,Aeropuerto Cerro Moreno,477,679.75,70.17285766826039
2012-01-01,Aeropuerto Diego Aracena,2671,3569.9999999999986,74.81792717086839
2012-01-01,Aeropuerto Isla de Pascua,381,396.29999999999995,96.13928841786526
2012-01-01,Aeropuerto Punta Arenas,273,386.4,70.65217391304348
2012-01-01,Chacalluta - Aeropuerto,717,735.0999999999999,97.53774996599104
2012-02-01,Aeropuerto C. Arturo Merino Benítez,306987.83,350009.991,87.70830487521712
2012-02-01,Aeropuerto Cerro Moreno,514,635.3499999999999,80.90029117809084
2012-02-01,Aeropuerto Diego Aracena,2739,2803.2999999999997,97.70627474761888
2012-02-01,Aeropuerto Isla de Pascua,1741,1752.65,99.33529227170284
2012-02-01,Aeropuerto Punta Arenas,249,383.54999999999995,64.91982792334768
2012-02-01,Chacalluta - Aeropuerto,723,744.9999999999999,97.04697986577183
2012-03-01,Aeropuerto C. Arturo Merino Benítez,273383.23,355546.3,76.89103500725503
2012-03-01,Aeropuerto Cerro Moreno,622,622.5,99.91967871485944
2012-03-01,Aeropuerto Diego Aracena,1670,1968.9499999999998,84.81678051753474
2012-03-01,Aeropuerto Isla de Pascua,1124,1710.25,65.72138576231545
2012-03-01,Aeropuerto Punta Arenas,175,214.14999999999992,81.71842166705584
2012-03-01,Chacalluta - Aeropuerto,461,744.9999999999999,61.87919463087249
2012-04-01,Aeropuerto C. Arturo Merino Benítez,252662.26,353907.8,71.39211399127117
2012-04-01,Aeropuerto Cerro Moreno,386,621.3499999999999,62.12279713526998
2012-04-01,Aeropuerto Diego Aracena,1628,1914.9,85.01749438612983
2012-04-01,Aeropuerto Isla de Pascua,1500,1745.15,85.95249692003553
2012-04-01,Aeropuerto Punta Arenas,183,183.75000000000003,99.59183673469386
2012-04-01,Chacalluta - Aeropuerto,548,744.9999999999999,73.55704697986579
2012-05-01,Aeropuerto C. Arturo Merino Benítez,255836.94,348171.5,73.48014986867103
2012-05-01,Aeropuerto Cerro Moreno,817,756.3499999999998,108.01877437694192
2012-05-01,Aeropuerto Diego Aracena,1602,1914.9,83.65972113426288
2012-05-01,Aeropuerto Isla de Pascua,1451,1737.25,83.52280903727156
2012-05-01,Aeropuerto Punta Arenas,89,212.45000000000002,41.89220993174864
2012-05-01,Chacalluta - Aeropuerto,345,744.9999999999999,46.30872483221477
2012-06-01,Aeropuerto C. Arturo Merino Benítez,244272.68,349193.25,69.95343695790226
2012-06-01,Aeropuerto Cerro Moreno,680,787.0999999999999,86.39308855291577
2012-06-01,Aeropuerto Diego Aracena,1787,1964.5,90.96462204123186
2012-06-01,Aeropuerto Isla de Pascua,1193,1729.35,68.98545696359905
2012-06-01,Aeropuerto Punta Arenas,117,228.55,51.19229927805732
2012-06-01,Chacalluta - Aeropuerto,375,744.9999999999999,50.33557046979866
2012-07-01,Aeropuerto C. Arturo Merino Benítez,269665.99,356087.19999999995,75.73032392065765
2012-07-01,Aeropuerto Cerro Moreno,851,875,97.25714285714285
2012-07-01,Aeropuerto Diego Aracena,2302,2264.35,101.66272881842471
2012-07-01,Aeropuerto Isla de Pascua,397.02,1734.25,22.892893181490557
2012-07-01,Aeropuerto Punta Arenas,75,235.8,31.806615776081426
2012-07-01,Chacalluta - Aeropuerto,597,744.9999999999999,80.13422818791948
2012-08-01,Aeropuerto C. Arturo Merino Benítez,267665.29,354865,75.42735688219463
2012-08-01,Aeropuerto Carriel Sur,106,106,100
2012-08-01,Aeropuerto Cerro Moreno,788,875,90.05714285714286
2012-08-01,Aeropuerto Diego Aracena,1864,2092.55,89.07791928508279
2012-08-01,Aeropuerto Isla de Pascua,1328,1726.35,76.92530483389811
2012-08-01,Aeropuerto Punta Arenas,116,219.9,52.7512505684402
2012-08-01,Chacalluta - Aeropuerto,561,744.9999999999999,75.3020134228188
2012-09-01,Aeropuerto C. Arturo Merino Benítez,250812.29,362443.19999999995,69.20044023449744
2012-09-01,Aeropuerto Cerro Moreno,679,875,77.60000000000001
2012-09-01,Aeropuerto Diego Aracena,2015,2140.65,94.1302875294887
2012-09-01,Aeropuerto Isla de Pascua,215.1,1718.4499999999998,12.51709389275219
2012-09-01,Aeropuerto Punta Arenas,80,202.55,39.49642063687978
2012-09-01,Chacalluta - Aeropuerto,698,754.9,92.46257782487747
2012-10-01,Aeropuerto C. Arturo Merino Benítez,246046.58,357483.14999999997,68.82746221744998
2012-10-01,Aeropuerto Cerro Moreno,639,875,73.02857142857142
2012-10-01,Aeropuerto Diego Aracena,1560,2140.65,72.87506131315254
2012-10-01,Aeropuerto Isla de Pascua,1816,1845.15,98.4201826409777
2012-10-01,Aeropuerto Punta Arenas,86,176.35000000000002,48.7666572157641
2012-10-01,Chacalluta - Aeropuerto,483,754.9,63.98198436879057
2012-11-01,Aeropuerto C. Arturo Merino Benítez,282375.65,363206.69999999995,77.74516549391849
2012-11-01,Aeropuerto Cerro Moreno,624,877.75,71.09085730561094
2012-11-01,Aeropuerto Diego Aracena,1649,2140.65,77.03267699063369
2012-11-01,Aeropuerto Isla de Pascua,1795,1866.1999999999998,96.18476047583326
2012-11-01,Aeropuerto Punta Arenas,161,176.35000000000002,91.29571874113977
2012-11-01,Chacalluta - Aeropuerto,571,754.9,75.63915750430522
2012-12-01,Aeropuerto C. Arturo Merino Benítez,289633.17,358215.39999999997,80.85447191829273
2012-12-01,Aeropuerto Carriel Sur,160,160,100
2012-12-01,Aeropuerto Cerro Moreno,490,877.75,55.82455140985474
2012-12-01,Aeropuerto Diego Aracena,1633,2165.75,75.40113124783562
2012-12-01,Aeropuerto Isla de Pascua,397.72,1871.5,21.25140261822068
2012-12-01,Aeropuerto Punta Arenas,212,329.2,64.3985419198056
2012-12-01,Chacalluta - Aeropuerto,667,782.6999999999999,85.21783569694648
2013-01-01,Aeropuerto C. Arturo Merino Benítez,285061.02,368372.76249999995,77.3838483783122
2013-01-01,Aeropuerto Cerro Moreno,794,887.0999999999999,89.50512907225793
2013-01-01,Aeropuerto Diego Aracena,3339,3485.2,95.80511878801791
2013-01-01,Aeropuerto Isla de Pascua,1313,1868.55,70.26838992801906
2013-01-01,Aeropuerto Punta Arenas,160,263.04999999999995,60.82493822467213
2013-01-01,Chacalluta - Aeropuerto,885,862.9999999999999,102.54924681344148
2013-02-01,Aeropuerto C. Arturo Merino Benítez,306988.37,371082.94999999995,82.72769471084565
2013-02-01,Aeropuerto Cerro Moreno,875,887.55,98.58599515520254
2013-02-01,Aeropuerto Diego Aracena,2190.07,3495.25,62.65846505972391
2013-02-01,Aeropuerto Isla de Pascua,925,1868.55,49.503625806106335
2013-02-01,Aeropuerto Punta Arenas,198,203.85,97.13024282560707
2013-02-01,Chacalluta - Aeropuerto,1347,1092.8999999999996,123.25006862475985
2013-03-01,Aeropuerto C. Arturo Merino Benítez,309034.54,368202.89999999997,83.93050136215658
2013-03-01,Aeropuerto Cerro Moreno,934,927.9499999999999,100.65197478312409
2013-03-01,Aeropuerto Diego Aracena,2374,3482.5499999999997,68.16843979268066
2013-03-01,Aeropuerto Isla de Pascua,287,396,72.47474747474747
2013-03-01,Aeropuerto Punta Arenas,221,264.25,83.6329233680227
2013-03-01,Chacalluta - Aeropuerto,614,1092.8999999999996,56.18080336718824
2013-04-01,Aeropuerto C. Arturo Merino Benítez,231639.51,355732.64999999997,65.11617924303548
2013-04-01,Aeropuerto Cerro Moreno,787,927.9499999999999,84.81060401961314
2013-04-01,Aeropuerto Diego Aracena,1661,3469.8499999999995,47.86950444543713
2013-04-01,Aeropuerto Isla de Pascua,319,396,80.55555555555556
2013-04-01,Aeropuerto Punta Arenas,118,263.85,44.72238014023119
2013-04-01,Chacalluta - Aeropuerto,431,1092.8999999999996,39.43636197273311
2013-05-01,Aeropuerto C. Arturo Merino Benítez,256848.47,355457.85,72.25848859435796
2013-05-01,Aeropuerto Cerro Moreno,846,945.55,89.47173602665116
2013-05-01,Aeropuerto Diego Aracena,1397,2336.95,59.778771475641335
2013-05-01,Aeropuerto Isla de Pascua,220,396,55.55555555555556
2013-05-01,Aeropuerto Punta Arenas,107,263.85,40.55334470342998
2013-05-01,Chacalluta - Aeropuerto,605,1092.8999999999996,55.35730624942815
2013-06-01,Aeropuerto C. Arturo Merino Benítez,246829.49,360307.8,68.50517529734299
2013-06-01,Aeropuerto Cerro Moreno,871,945.55,92.11569985722595
2013-06-01,Aeropuerto Diego Aracena,1428,2336.95,61.105286805451556
2013-06-01,Aeropuerto Isla de Pascua,188,396,47.474747474747474
2013-06-01,Aeropuerto Punta Arenas,98,263.85,37.14231570968353
2013-06-01,Chacalluta - Aeropuerto,458,1092.8999999999996,41.90685332601337
2013-07-01,Aeropuerto C. Arturo Merino Benítez,243690,363027.19999999995,67.1272014879326
2013-07-01,Aeropuerto Cerro Moreno,876,945.55,92.64449262334091
2013-07-01,Aeropuerto Diego Aracena,2033,2335.2,87.05892428914012
2013-07-01,Aeropuerto Isla de Pascua,397,396.45000000000005,100.13873123975279
2013-07-01,Aeropuerto Punta Arenas,116,265.75,43.65004703668862
2013-07-01,Chacalluta - Aeropuerto,639,1092.8999999999996,58.46829536096626
2013-08-01,Aeropuerto C. Arturo Merino Benítez,279333.39,364266.35,76.68383038949385
2013-08-01,Aeropuerto Cerro Moreno,764,770.3,99.18213682980658
2013-08-01,Aeropuerto Diego Aracena,1596,2314.25,68.964027222642315
2013-08-01,Aeropuerto Isla de Pascua,296,396.45000000000005,74.66263084878294
2013-08-01,Aeropuerto Punta Arenas,168,265.95,63.169768753525105
2013-08-01,Chacalluta - Aeropuerto,471,876.8999999999996,53.71193978788917
2013-09-01,Aeropuerto C. Arturo Merino Benítez,245602.67,379025.64999999997,64.79842986879649
2013-09-01,Aeropuerto Cerro Moreno,843,807.25,104.42861567048622
2013-09-01,Aeropuerto Diego Aracena,1793,2294.0499999999997,78.15871493646608
2013-09-01,Aeropuerto Isla de Pascua,242,396.45000000000005,61.0417454912347
2013-09-01,Aeropuerto Punta Arenas,91,262.34999999999997,34.6864875166762
2013-09-01,Chacalluta - Aeropuerto,582,876.8999999999996,66.37016763599046
2013-10-01,Aeropuerto C. Arturo Merino Benítez,269494.35,363582.95,74.12183382086536
2013-10-01,Aeropuerto Cerro Moreno,611,807.25,75.68906782285538
2013-10-01,Aeropuerto Diego Aracena,1721,2294.0499999999997,75.0201608508969
2013-10-01,Aeropuerto Isla de Pascua,288,396.45000000000005,72.64472190692393
2013-10-01,Aeropuerto Punta Arenas,132,261.59999999999997,50.458715596330286
2013-10-01,Chacalluta - Aeropuerto,582,876.8999999999996,66.37016763599046
2013-11-01,Aeropuerto C. Arturo Merino Benítez,251683.03,367609.5,68.46477852177378
2013-11-01,Aeropuerto Cerro Moreno,583,807.25,72.22050170331372
2013-11-01,Aeropuerto Diego Aracena,1759,2294.0499999999997,76.67661995161397
2013-11-01,Aeropuerto Isla de Pascua,282,396.45000000000005,71.13129020052969
2013-11-01,Aeropuerto Punta Arenas,169,266.25,63.474178403755865
2013-11-01,Chacalluta - Aeropuerto,622,876.8999999999996,70.93169118485577
2013-12-01,Aeropuerto C. Arturo Merino Benítez,248261.83,369342.35,67.21726604057184
2013-12-01,Aeropuerto Carriel Sur,317,317,100
2013-12-01,Aeropuerto Cerro Moreno,574,807.25,71.1056054506039
2013-12-01,Aeropuerto Diego Aracena,2090,2362,88.48433530906011
2013-12-01,Aeropuerto Isla de Pascua,402,399.25,100.68879148403256
2013-12-01,Aeropuerto Punta Arenas,253,256.59999999999997,98.59703819173814
2013-12-01,Chacalluta - Aeropuerto,845,963.7999999999998,87.67379124299649
2014-01-01,Aeropuerto C. Arturo Merino Benítez,315794.2,381187.55,82.84483582950179
2014-01-01,Aeropuerto Cerro Moreno,980,904.6499999999999,108.32918808378933
2014-01-01,Aeropuerto Diego Aracena,3192,3286.1499999999996,97.13494514857814
2014-01-01,Aeropuerto Isla de Pascua,271,399.25,67.87726988102692
2014-01-01,Aeropuerto Punta Arenas,198,261.95,75.58694407329644
2014-01-01,Chacalluta - Aeropuerto,995,1046.3,95.09700850616458
2014-02-01,Aeropuerto C. Arturo Merino Benítez,303387.8,383220.95,79.1678534276375
2014-02-01,Aeropuerto Cerro Moreno,740,904.6499999999999,81.799591002045
2014-02-01,Aeropuerto Diego Aracena,2829,3194.6499999999996,88.55430172319348
2014-02-01,Aeropuerto Isla de Pascua,301,399.25,75.39135879774578
2014-02-01,Aeropuerto Punta Arenas,170,243.79999999999998,69.7292863002461
2014-02-01,Chacalluta - Aeropuerto,1025,1008.5,101.63609320773426
2014-03-01,Aeropuerto C. Arturo Merino Benítez,317726.22,379541.49549999996,83.71317069861732
2014-03-01,Aeropuerto Cerro Moreno,814,904.6499999999999,89.9795501022495
2014-03-01,Aeropuerto Diego Aracena,2082,3160.25,65.88086385570762
2014-03-01,Aeropuerto Isla de Pascua,341,399.25,85.41014402003756
2014-03-01,Aeropuerto Punta Arenas,196,235.39999999999998,83.26253186066272
2014-03-01,Chacalluta - Aeropuerto,995,1008.5,98.66137828458106
2014-04-01,Aeropuerto C. Arturo Merino Benítez,255862.6,374648.89999999997,68.29396803246988
2014-04-01,Aeropuerto Cerro Moreno,602,904.6499999999999,66.54507268004201
2014-04-01,Aeropuerto Diego Aracena,1251,2330.25,53.68522690698423
2014-04-01,Aeropuerto Isla de Pascua,447,422.25,105.8614564831261
2014-04-01,Aeropuerto Punta Arenas,146,249.70000000000002,58.470164197036446
2014-04-01,Chacalluta - Aeropuerto,365,1008.5,36.192364898363905
2014-05-01,Aeropuerto C. Arturo Merino Benítez,267690.97,369872.44999999995,72.37386023208812
2014-05-01,Aeropuerto Cerro Moreno,525,904.6499999999999,58.03349361631571
2014-05-01,Aeropuerto Diego Aracena,1369,2330.25,58.749061259521504
2014-05-01,Aeropuerto Isla de Pascua,275,422.25,65.12729425695679
2014-05-01,Aeropuerto Punta Arenas,15,255.55,5.869692819409118
2014-05-01,Chacalluta - Aeropuerto,176,1008.5,17.45166088249876
2014-06-01,Aeropuerto C. Arturo Merino Benítez,254103.23,369058.75,68.85170179544585
2014-06-01,Aeropuerto Carriel Sur,265,265,100
2014-06-01,Aeropuerto Cerro Moreno,589,904.6499999999999,65.10805283811419
2014-06-01,Aeropuerto Diego Aracena,1226,2330.25,52.61238064585345
2014-06-01,Aeropuerto Isla de Pascua,312,422.25,73.8898756660746
2014-06-01,Aeropuerto Punta Arenas,114,267.9,42.55319148936171
2014-06-01,Chacalluta - Aeropuerto,231,1008.5,22.90530490827962
2014-07-01,Aeropuerto C. Arturo Merino Benítez,302627.71,382713.75,79.07416705043914
2014-07-01,Aeropuerto Cerro Moreno,391,904.6499999999999,43.22113524567513
2014-07-01,Aeropuerto Diego Aracena,1682,2299.3999999999996,73.14951726537359
2014-07-01,Aeropuerto Isla de Pascua,462,453.75,101.81818181818181
2014-07-01,Aeropuerto Punta Arenas,98,280,35
2014-07-01,Chacalluta - Aeropuerto,0,1008.5,0
2014-08-01,Aeropuerto C. Arturo Merino Benítez,311060.66,395537.64999999997,78.6424907970202
2014-08-01,Aeropuerto Cerro Moreno,45,904.6499999999999,4.9742994528270605
2014-08-01,Aeropuerto Diego Aracena,1718,2305.45,74.5190743672602
2014-08-01,Aeropuerto Isla de Pascua,253,453.75,55.757575757575765
2014-08-01,Aeropuerto Punta Arenas,266,357.19999999999993,74.468085106383
2014-08-01,Chacalluta - Aeropuerto,0,1008.5,0
2014-09-01,Aeropuerto C. Arturo Merino Benítez,276764.07,394924.2,70.08030148570282
2014-09-01,Aeropuerto Diego Aracena,1697,2305.45,73.60818929059403
2014-09-01,Aeropuerto Isla de Pascua,317,453.75,69.86225895316804
2014-09-01,Aeropuerto Punta Arenas,134,371.8499999999999,36.036036036036045
2014-09-01,Chacalluta - Aeropuerto,479,1008.5,47.49628160634606
2014-10-01,Aeropuerto C. Arturo Merino Benítez,269604.44,389713.7,69.18012889975384
2014-10-01,Aeropuerto Diego Aracena,1464,2291.1499999999996,63.898042467756376
2014-10-01,Aeropuerto Isla de Pascua,254,453.75,55.97796143250689
2014-10-01,Aeropuerto La Florida,0,0,NA
2014-10-01,Aeropuerto Punta Arenas,136,369.29999999999995,36.82642837801246
2014-10-01,Chacalluta - Aeropuerto,401,1008.5,39.76202280614775
2014-11-01,Aeropuerto C. Arturo Merino Benítez,302313.83,393467.55,76.83323059296758
2014-11-01,Aeropuerto Diego Aracena,1678,2291.1499999999996,73.23833009623989
2014-11-01,Aeropuerto Isla de Pascua,426,453.75,93.88429752066115
2014-11-01,Aeropuerto Punta Arenas,226,418.79999999999995,53.96370582617001
2014-11-01,Chacalluta - Aeropuerto,424,1008.5,42.0426375805652
2014-12-01,Aeropuerto C. Arturo Merino Benítez,322532.66,407089.44999999995,79.22894096125557
2014-12-01,Aeropuerto Carriel Sur,168,168,100
2014-12-01,Aeropuerto Diego Aracena,1891,2272.5,83.21232123212322
2014-12-01,Aeropuerto Isla de Pascua,447,453.75,98.51239669421487
2014-12-01,Aeropuerto La Florida,167,167,100
2014-12-01,Aeropuerto Punta Arenas,227,197.29999999999995,115.05321844906237
2014-12-01,Chacalluta - Aeropuerto,2185,1546.999999999999,141.2411118293472
2015-01-01,Aeropuerto C. Arturo Merino Benítez,286027.85,399072.55,71.67314564732654
2015-01-01,Aeropuerto Diego Aracena,2917,3166.6499999999996,92.1162742961805
2015-01-01,Aeropuerto Isla de Pascua,294,453.75,64.79338842975207
2015-01-01,Aeropuerto Punta Arenas,233,234.54999999999998,99.33916009379664
2015-01-01,Chacalluta - Aeropuerto,3367,2716.899999999999,123.92800618351802
2015-02-01,Aeropuerto C. Arturo Merino Benítez,343680.13,411377.25,83.5437861476297
2015-02-01,Aeropuerto Diego Aracena,3388,3893.2999999999993,87.0212929905222
2015-02-01,Aeropuerto Isla de Pascua,358,453.75,78.89807162534436
2015-02-01,Aeropuerto Punta Arenas,118,233.39999999999998,50.55698371893745
2015-02-01,Chacalluta - Aeropuerto,2832,3072.7499999999995,92.16499877959484
2015-03-01,Aeropuerto C. Arturo Merino Benítez,337664.17,409137.25,82.53078154091322
2015-03-01,Aeropuerto Diego Aracena,2382,3292.9999999999995,72.33525660491954
2015-03-01,Aeropuerto Isla de Pascua,488,473.7,103.01878826261348
2015-03-01,Aeropuerto Punta Arenas,233,233,100
2015-03-01,Chacalluta - Aeropuerto,244,3072.7499999999995,7.940769668863397
2015-04-01,Aeropuerto C. Arturo Merino Benítez,272123.31,400426.85,67.95830749111855
2015-04-01,Aeropuerto Diego Aracena,1999,3287.0999999999995,60.81348300933955
2015-04-01,Aeropuerto Isla de Pascua,288,473.7,60.79797340088664
2015-04-01,Aeropuerto Punta Arenas,116,233,49.78540772532189
2015-05-01,Aeropuerto C. Arturo Merino Benítez,283396.97,395757.14999999997,71.60880605694679
2015-05-01,Aeropuerto Diego Aracena,2040,3327.8499999999995,61.30083988160525
2015-05-01,Aeropuerto Isla de Pascua,269,473.7,56.78699598902259
2015-05-01,Aeropuerto La Florida,48,48,100
2015-05-01,Aeropuerto Punta Arenas,149,237.85,62.644523859575365
2015-06-01,Aeropuerto C. Arturo Merino Benítez,281872.18,394473.55,71.45528008151624
2015-06-01,Aeropuerto Carriel Sur,0,0,NA
2015-06-01,Aeropuerto Cerro Moreno,63,63,100
2015-06-01,Aeropuerto Diego Aracena,1853,3277.45,56.53785717554807
2015-06-01,Aeropuerto Isla de Pascua,315,473.7,66.49778340721976
2015-06-01,Aeropuerto La Florida,697,697,100
2015-06-01,Aeropuerto Maquehue,122,122,100
2015-06-01,Aeropuerto Punta Arenas,68,234,29.059829059829063
2015-06-01,Chacalluta - Aeropuerto,2,3126.2499999999995,0.06397441023590565
2015-07-01,Aeropuerto C. Arturo Merino Benítez,325536.77,397937.05,81.80609722065337
2015-07-01,Aeropuerto Carriel Sur,0,0,NA
2015-07-01,Aeropuerto Diego Aracena,2799,2953.3499999999995,94.77373152521714
2015-07-01,Aeropuerto Isla de Pascua,377,465.44999999999993,80.9968847352025
2015-07-01,Aeropuerto Punta Arenas,113,237.8,47.51892346509672
2015-08-01,Aeropuerto C. Arturo Merino Benítez,339171.91,399795.35,84.8363819138967
2015-08-01,Aeropuerto Diego Aracena,2235,2967.75,75.30957796310335
2015-08-01,Aeropuerto Isla de Pascua,260,465.44999999999993,55.85992050703621
2015-08-01,Aeropuerto Punta Arenas,149,234.95,63.41774845711854
2015-09-01,Aeropuerto C. Arturo Merino Benítez,275423.7,403865.6,68.19687044402892
2015-09-01,Aeropuerto Diego Aracena,2424,3016.5499999999997,80.35669887785716
2015-09-01,Aeropuerto Isla de Pascua,285,465.44999999999993,61.231066709635854
2015-09-01,Aeropuerto Punta Arenas,110,233,47.21030042918455
2015-10-01,Aeropuerto C. Arturo Merino Benítez,309540.72,398869,77.60460702636705
2015-10-01,Aeropuerto Diego Aracena,2207,3037.45,72.65963225732112
2015-10-01,Aeropuerto Isla de Pascua,306,465.44999999999993,65.74282951981954
2015-10-01,Aeropuerto Punta Arenas,186,234.9,79.18263090676884
2015-11-01,Aeropuerto C. Arturo Merino Benítez,330762.64,406155.69999999995,81.43739949974851
2015-11-01,Aeropuerto Diego Aracena,2137,3202.0499999999997,66.73849565122345
2015-11-01,Aeropuerto Isla de Pascua,418,465.44999999999993,89.8055645074659
2015-11-01,Aeropuerto Punta Arenas,127,233,54.506437768240346
2015-12-01,Aeropuerto C. Arturo Merino Benítez,281154.05,410942.69999999995,68.41684984305599
2015-12-01,Aeropuerto Carriel Sur,327,327,100
2015-12-01,Aeropuerto Diego Aracena,2087,2697.75,77.36076359929571
2015-12-01,Aeropuerto Isla de Pascua,642,557.2999999999998,115.19827740893598
2015-12-01,Aeropuerto La Florida,0,0,NA
2015-12-01,Aeropuerto Punta Arenas,206,233,88.41201716738198
2016-01-01,Aeropuerto C. Arturo Merino Benítez,389009.26,425587.8,91.4051718587798
2016-01-01,Aeropuerto Cerro Moreno,1508,1508,100
2016-01-01,Aeropuerto Diego Aracena,3736,4041.1,92.45007547449951
2016-01-01,Aeropuerto Isla de Pascua,332,557.2999999999998,59.57294096536876
2016-01-01,Aeropuerto Punta Arenas,411,322.0499999999999,127.61993479273409
2016-02-01,Aeropuerto C. Arturo Merino Benítez,338824.2,435602.35,77.78291370558493
2016-02-01,Aeropuerto Cerro Moreno,1719,1708.45,100.61751880359391
2016-02-01,Aeropuerto Diego Aracena,3060,4068.8,75.20644907589461
2016-02-01,Aeropuerto Isla de Pascua,546,589.1999999999999,92.66802443991854
2016-02-01,Aeropuerto La Florida,38,38,100
2016-02-01,Aeropuerto Punta Arenas,222,316.7499999999999,70.08681925809
2016-03-01,Aeropuerto C. Arturo Merino Benítez,312368.31,419690.55,74.42824481037279
2016-03-01,Aeropuerto Cerro Moreno,1634,1710.5,95.52762350190002
2016-03-01,Aeropuerto Diego Aracena,2302,3044.5499999999997,75.61051715360234
2016-03-01,Aeropuerto Isla de Pascua,575,605.1499999999999,95.01776419069654
2016-03-01,Aeropuerto Punta Arenas,197,307.64999999999986,64.03380464813915
2016-03-01,Chacalluta - Aeropuerto,0,0,NA
2016-04-01,Aeropuerto C. Arturo Merino Benítez,310016.67,427329.3,72.54748738268123
2016-04-01,Aeropuerto Cerro Moreno,1.17,1706.25,0.06857142857142857
2016-04-01,Aeropuerto Diego Aracena,1350,3044.5499999999997,44.34152830467557
2016-04-01,Aeropuerto Isla de Pascua,332,605.1499999999999,54.862430802280436
2016-04-01,Aeropuerto Punta Arenas,299,345.79999999999995,86.46616541353384
2016-04-01,Chacalluta - Aeropuerto,0,0,NA
2016-05-01,Aeropuerto C. Arturo Merino Benítez,315319.89,437124.8,72.1349806737115
2016-05-01,Aeropuerto Cerro Moreno,1134,1702,66.62749706227967
2016-05-01,Aeropuerto Diego Aracena,1740,3398.5499999999997,51.19830515955335
2016-05-01,Aeropuerto Isla de Pascua,328,605.1499999999999,54.20143766008428
2016-05-01,Aeropuerto Punta Arenas,88,345.79999999999995,25.44823597455177
2016-06-01,Aeropuerto C. Arturo Merino Benítez,332073.44,440258.75,75.42688021532791
2016-06-01,Aeropuerto Carriel Sur,72,72,100
2016-06-01,Aeropuerto Cerro Moreno,1377,1697.75,81.107347960536
2016-06-01,Aeropuerto Diego Aracena,1984,3397.8999999999996,58.38900497366021
2016-06-01,Aeropuerto Isla de Pascua,264,605.1499999999999,43.62554738494589
2016-06-01,Aeropuerto Punta Arenas,149,381.15,39.09222091040273
2016-07-01,Aeropuerto C. Arturo Merino Benítez,375578.84,465039.95,80.76270436550666
2016-07-01,Aeropuerto Cerro Moreno,1386,1693.5,81.84233835252435
2016-07-01,Aeropuerto Diego Aracena,2032,3373,60.243107026386014
2016-07-01,Aeropuerto Isla de Pascua,343,605.1499999999999,56.68016194331985
2016-07-01,Aeropuerto Punta Arenas,212,353.29999999999995,60.00566091140674
2016-07-01,Chacalluta - Aeropuerto,69,69,100
2016-08-01,Aeropuerto C. Arturo Merino Benítez,352880.03,468376.64999999997,75.34108073064702
2016-08-01,Aeropuerto Cerro Moreno,1625,1689.25,96.19653692467071
2016-08-01,Aeropuerto Diego Aracena,1928,3331.6499999999996,57.86922395809885
2016-08-01,Aeropuerto Isla de Pascua,389,605.1499999999999,64.28158307857558
2016-08-01,Aeropuerto Punta Arenas,141,352.4,40.011350737797954
2016-09-01,Aeropuerto C. Arturo Merino Benítez,356622.02,475390.5,75.01664841851068
2016-09-01,Aeropuerto Cerro Moreno,1527,1685,90.62314540059347
2016-09-01,Aeropuerto Diego Aracena,1709,3272.2,52.22785893282808
2016-09-01,Aeropuerto Isla de Pascua,373,605.1499999999999,61.637610509790974
2016-09-01,Aeropuerto Punta Arenas,80,345.79999999999995,23.134759976865244
2016-10-01,Aeropuerto C. Arturo Merino Benítez,365150.61,467814.8,78.0545228581909
2016-10-01,Aeropuerto Cerro Moreno,1383,1680.75,82.28469433288711
2016-10-01,Aeropuerto Diego Aracena,1892,3254.6,58.13310391445954
2016-10-01,Aeropuerto Isla de Pascua,338,605.1499999999999,55.853920515574664
2016-10-01,Aeropuerto Punta Arenas,193,347.79999999999995,55.491661874640606
2016-11-01,Aeropuerto C. Arturo Merino Benítez,365004.04,472744.1,77.20964471053155
2016-11-01,Aeropuerto Cerro Moreno,1394,1676.5,83.1494184312556
2016-11-01,Aeropuerto Diego Aracena,2026,3323.25,60.96441736252163
2016-11-01,Aeropuerto Isla de Pascua,622,631,98.57369255150554
2016-11-01,Aeropuerto Punta Arenas,201,419.8999999999999,47.868540128602056
2016-12-01,Aeropuerto C. Arturo Merino Benítez,397213.74,502768.5,79.00529567783184
2016-12-01,Aeropuerto Carriel Sur,313,313,100
2016-12-01,Aeropuerto Cerro Moreno,1271,1672.25,76.00538197039917
2016-12-01,Aeropuerto Diego Aracena,2045,3211.05,63.686333130907336
2016-12-01,Aeropuerto Isla de Pascua,555,596.15,93.09737482177304
2016-12-01,Aeropuerto La Florida,277,277,100
2016-12-01,Aeropuerto Punta Arenas,383,438.99999999999994,87.24373576309796
2017-01-01,Aeropuerto C. Arturo Merino Benítez,427354.19,507374.62,84.22853117879644
2017-01-01,Aeropuerto Cerro Moreno,1766,1740.15,101.48550412320776
2017-01-01,Aeropuerto Diego Aracena,4318,4693.549999999999,91.99859381491623
2017-01-01,Aeropuerto Isla de Pascua,685,650.3499999999999,105.3279003613439
2017-01-01,Aeropuerto Punta Arenas,394,390.6,100.87045570916537
2017-02-01,Aeropuerto C. Arturo Merino Benítez,407356.19,505719.16,80.54988266610266
2017-02-01,Aeropuerto Cerro Moreno,1593,1693.4,94.07109956300933
2017-02-01,Aeropuerto Diego Aracena,3202,4523.7,70.78276631960564
2017-02-01,Aeropuerto Isla de Pascua,529,650.3499999999999,81.34081648343201
2017-02-01,Aeropuerto La Florida,121,121,100
2017-02-01,Aeropuerto Punta Arenas,424,481.8,88.00332088003321
2017-02-01,Chacalluta - Aeropuerto,35,35,100
2017-03-01,Aeropuerto C. Arturo Merino Benítez,407360.35,510049.68,79.86679846559261
2017-03-01,Aeropuerto Cerro Moreno,1509,1688.4499999999998,89.37190914744293
2017-03-01,Aeropuerto Diego Aracena,2072,3274.7999999999997,63.27103945279101
2017-03-01,Aeropuerto Isla de Pascua,467,650.3499999999999,71.80748827554395
2017-03-01,Aeropuerto Punta Arenas,325,476.15000000000003,68.25580174314815
2017-04-01,Aeropuerto C. Arturo Merino Benítez,368066.86,499307.39999999997,73.7154826866175
2017-04-01,Aeropuerto Cerro Moreno,1149,1688.4499999999998,68.05057893334123
2017-04-01,Aeropuerto Diego Aracena,2368,2901.7499999999995,81.60592745756871
2017-04-01,Aeropuerto Isla de Pascua,356,650.3499999999999,54.73975551626048
2017-04-01,Aeropuerto Punta Arenas,301,470.3499999999999,63.994897416817274
2017-04-01,Chacalluta - Aeropuerto,0,0,NA
2017-05-01,Aeropuerto C. Arturo Merino Benítez,360099.95,501877.75,71.75053088127538
2017-05-01,Aeropuerto Cerro Moreno,1167,1688.4499999999998,69.11664544404633
2017-05-01,Aeropuerto Diego Aracena,2779,3302.45,84.14964647458706
2017-05-01,Aeropuerto Isla de Pascua,453,650.3499999999999,69.65480126085954
2017-05-01,Aeropuerto Punta Arenas,141,495.94999999999993,28.43028531101926
2017-06-01,Aeropuerto C. Arturo Merino Benítez,349056.88,502333.35,69.48710054787325
2017-06-01,Aeropuerto Cerro Moreno,1327,1688.4499999999998,78.5927922058693
2017-06-01,Aeropuerto Diego Aracena,2495,3142.2999999999997,79.40043916876174
2017-06-01,Aeropuerto Isla de Pascua,354,650.3499999999999,54.432228799876995
2017-06-01,Aeropuerto Punta Arenas,125,298.6,41.862022772940385
2017-07-01,Aeropuerto C. Arturo Merino Benítez,454200.83,527741.896,86.06495588896738
2017-07-01,Aeropuerto Carriel Sur,0,0,NA
2017-07-01,Aeropuerto Cerro Moreno,1446,1688.4499999999998,85.64067635997513
2017-07-01,Aeropuerto Diego Aracena,2302.05,3438.5,66.9492511269449
2017-07-01,Aeropuerto Isla de Pascua,438,650.3499999999999,67.3483508879834
2017-07-01,Aeropuerto Punta Arenas,214,303.40000000000003,70.53394858272907
2017-08-01,Aeropuerto C. Arturo Merino Benítez,399293.06,535548.446,74.55778519801736
2017-08-01,Aeropuerto Cerro Moreno,1302,1670.85,77.92440973157375
2017-08-01,Aeropuerto Diego Aracena,2833,3491.2,81.14688359303392
2017-08-01,Aeropuerto Isla de Pascua,443,650.3499999999999,68.11716767894211
2017-08-01,Aeropuerto Punta Arenas,94,298.6,31.48024112525117
2017-09-01,Aeropuerto C. Arturo Merino Benítez,366882.07,551349.6865,66.54253715622636
2017-09-01,Aeropuerto Cerro Moreno,1601,1834.85,87.25508897185057
2017-09-01,Aeropuerto Diego Aracena,3091,3700.2499999999995,83.53489629079117
2017-09-01,Aeropuerto Isla de Pascua,340,650.3499999999999,52.2795417851926
2017-09-01,Aeropuerto Punta Arenas,168,495.65,33.89488550388379
2017-09-01,Chacalluta - Aeropuerto,43,42.6,100.93896713615023
2017-10-01,Aeropuerto C. Arturo Merino Benítez,413198.58,562637.25,73.4396060694524
2017-10-01,Aeropuerto Cerro Moreno,1526,1670.85,91.33075979291978
2017-10-01,Aeropuerto Diego Aracena,1852.37,3720.95,49.782179282172564
2017-10-01,Aeropuerto Isla de Pascua,509,650.3499999999999,78.26554931959716
2017-10-01,Aeropuerto Punta Arenas,95,329.20000000000005,28.857837181044953
2017-10-01,Chacalluta - Aeropuerto,0,0,NA
2017-11-01,Aeropuerto C. Arturo Merino Benítez,405811.09,554574.65,73.17519652223555
2017-11-01,Aeropuerto Cerro Moreno,1436,1670.85,85.94427985755753
2017-11-01,Aeropuerto Diego Aracena,2873,3722.7,77.17516856045343
2017-11-01,Aeropuerto Isla de Pascua,459,613.4999999999999,74.81662591687042
2017-11-01,Aeropuerto Punta Arenas,341,464.99999999999994,73.33333333333334
2017-12-01,Aeropuerto C. Arturo Merino Benítez,439529.48,569158.7999999999,77.22440204737238
2017-12-01,Aeropuerto Cerro Moreno,1345,1828.85,73.54348360991881
2017-12-01,Aeropuerto Diego Aracena,3409,3909.4499999999994,87.19896660655593
2017-12-01,Aeropuerto Isla de Pascua,550,610.7499999999999,90.05321326238234
2017-12-01,Aeropuerto La Florida,326,326,100
2017-12-01,Aeropuerto Punta Arenas,395,478.7999999999999,82.49791144527988
2017-12-01,Chacalluta - Aeropuerto,159,155.55,102.21793635486979
2018-01-01,Aeropuerto C. Arturo Merino Benítez,485391.52,587880.9475,82.56629544879067
2018-01-01,Aeropuerto Cerro Moreno,1478,1556.15,94.97799055360987
2018-01-01,Aeropuerto Diego Aracena,4625,4557.95,101.47105606687217
2018-01-01,Aeropuerto Isla de Pascua,612,577.9,105.90067485724175
2018-01-01,Aeropuerto Punta Arenas,412,485.65,84.83475754143932
2018-02-01,Aeropuerto C. Arturo Merino Benítez,484661.98,599999.6499999999,80.77704378660889
2018-02-01,Aeropuerto Cerro Moreno,1557,1552.6,100.28339559448666
2018-02-01,Aeropuerto Diego Aracena,2512,3128.2,80.30177098650982
2018-02-01,Aeropuerto Isla de Pascua,517,577.9,89.46184460979408
2018-02-01,Aeropuerto Punta Arenas,580,507.2499999999999,114.34204041399707
2018-02-01,Chacalluta - Aeropuerto,0,62.099999999999994,0
2018-03-01,Aeropuerto C. Arturo Merino Benítez,432020.52,586060.95,73.71597100949995
2018-03-01,Aeropuerto Cerro Moreno,1761,1636.1499999999999,107.63071845490938
2018-03-01,Aeropuerto Diego Aracena,1314,2004.3999999999999,65.5557772899621
2018-03-01,Aeropuerto Isla de Pascua,556,581.2,95.6641431520991
2018-03-01,Aeropuerto Punta Arenas,430,537.8499999999999,79.94794087570885
2018-03-01,Chacalluta - Aeropuerto,135,175.85,76.76997441000853
2018-04-01,Aeropuerto C. Arturo Merino Benítez,377241.79,567339.45,66.49313563511228
2018-04-01,Aeropuerto Cerro Moreno,1593,1668.6,95.46925566343043
2018-04-01,Aeropuerto Diego Aracena,1328,2049.3999999999996,64.79945349858495
2018-04-01,Aeropuerto Isla de Pascua,521,581.2,89.64211975223675
2018-04-01,Aeropuerto Punta Arenas,237,426.44999999999993,55.57509672880761
2018-04-01,Chacalluta - Aeropuerto,6,39.3,15.267175572519085
2018-05-01,Aeropuerto C. Arturo Merino Benítez,360531.95,559441.75,64.44494891559309
2018-05-01,Aeropuerto Cerro Moreno,1328,1668.6,79.58767829317992
2018-05-01,Aeropuerto Diego Aracena,1230,2046.35,60.10701981576955
2018-05-01,Aeropuerto Isla de Pascua,465,581.2,80.00688231245698
2018-05-01,Aeropuerto Punta Arenas,155,415.3499999999999,37.31792464186831
2018-05-01,Chacalluta - Aeropuerto,0,37.44999999999999,0
2018-06-01,Aeropuerto C. Arturo Merino Benítez,351919.81,556693.3999999999,63.2160916583527
2018-06-01,Aeropuerto Cerro Moreno,1575,1757.6,89.61083295402823
2018-06-01,Aeropuerto Diego Aracena,1047,2054.7,50.95634399182363
2018-06-01,Aeropuerto Isla de Pascua,321,581.2,55.23055746730902
2018-06-01,Aeropuerto Punta Arenas,206,422.1499999999999,48.797820679853146
2018-07-01,Aeropuerto C. Arturo Merino Benítez,465056.67,575964.7999999999,80.74393956019536
2018-07-01,Aeropuerto Cerro Moreno,1492,1668.6,89.4162771185425
2018-07-01,Aeropuerto Diego Aracena,1364,2032.6999999999998,67.1028681064594
2018-07-01,Aeropuerto Isla de Pascua,681,643.05,105.901562864474
2018-07-01,Aeropuerto Punta Arenas,95,415.3499999999999,22.87227639340316
2018-08-01,Aeropuerto C. Arturo Merino Benítez,396354.72,570764.8999999999,69.44272852097248
2018-08-01,Aeropuerto Carriel Sur,147,147,100
2018-08-01,Aeropuerto Cerro Moreno,1491,1668.6,89.35634663790005
2018-08-01,Aeropuerto Diego Aracena,1248,2052.7999999999997,60.795011691348414
2018-08-01,Aeropuerto Isla de Pascua,454,643.05,70.60104190964933
2018-08-01,Aeropuerto Punta Arenas,171,419.44999999999993,40.76767195136489
2018-09-01,Aeropuerto C. Arturo Merino Benítez,389676.62,576704.5499999999,67.56954145757997
2018-09-01,Aeropuerto Cerro Moreno,1514,1839.8999999999999,82.28708081960977
2018-09-01,Aeropuerto Diego Aracena,536,2039.8499999999997,26.2764418952374
2018-09-01,Aeropuerto Isla de Pascua,416,643.05,64.6917036000311
2018-09-01,Aeropuerto Punta Arenas,166,415.3499999999999,39.96629348742026
2018-10-01,Aeropuerto C. Arturo Merino Benítez,413366.89,566759.2,72.9351883480674
2018-10-01,Aeropuerto Cerro Moreno,1191,1668.6,71.37720244516362
2018-10-01,Aeropuerto Diego Aracena,990,2014.2499999999995,49.149807620702504
2018-10-01,Aeropuerto Isla de Pascua,491,643.05,76.35487131638287
2018-10-01,Aeropuerto Punta Arenas,153,419.44999999999993,36.47633806174753
2018-11-01,Aeropuerto C. Arturo Merino Benítez,406815.62,577622.7,70.42929926403517
2018-11-01,Aeropuerto Cerro Moreno,1479,1668.6,88.63718087019058
2018-11-01,Aeropuerto Diego Aracena,1043,2006.5499999999997,51.979766265480556
2018-11-01,Aeropuerto Isla de Pascua,483,643.05,75.11080009330536
2018-11-01,Aeropuerto Punta Arenas,311,539.8499999999999,57.60859498008707
2018-12-01,Aeropuerto C. Arturo Merino Benítez,406997.83,587144.7,69.31814763890401
2018-12-01,Aeropuerto Cerro Moreno,1599,1839.6499999999999,86.91870736281359
2018-12-01,Aeropuerto Diego Aracena,1080,2006.5499999999997,53.823727293115056
2018-12-01,Aeropuerto Isla de Pascua,392,643.05,60.95948993079854
2018-12-01,Aeropuerto La Florida,820,820,100
2018-12-01,Aeropuerto Punta Arenas,466,556.5,83.73764600179695
2019-01-01,Aeropuerto C. Arturo Merino Benítez,491888.04,596644.4,82.44241293473968
2019-01-01,Aeropuerto Cerro Moreno,1696,1725.25,98.30459353716853
2019-01-01,Aeropuerto Diego Aracena,2243,2619.1,85.64010537971059
2019-01-01,Aeropuerto Isla de Pascua,542,612.25,88.52592895059207
2019-01-01,Aeropuerto La Florida,1407,1362,103.30396475770924
2019-01-01,Aeropuerto Punta Arenas,212,538.4,39.37592867756315
2019-02-01,Aeropuerto C. Arturo Merino Benítez,501189.44,597254.7,83.91552883552026
2019-02-01,Aeropuerto Cerro Moreno,1746,1752.75,99.61489088575097
2019-02-01,Aeropuerto Diego Aracena,1457,2197.2999999999997,66.3086515268739
2019-02-01,Aeropuerto Isla de Pascua,506,612.25,82.64597795018375
2019-02-01,Aeropuerto La Florida,648,1337,48.46671652954376
2019-02-01,Aeropuerto Punta Arenas,348,444.1499999999999,78.3519081391422
2019-03-01,Aeropuerto C. Arturo Merino Benítez,491393.62,596194.2999999999,82.42172392456621
2019-03-01,Aeropuerto Cerro Moreno,1642,1718.5,95.54844340995054
2019-03-01,Aeropuerto Diego Aracena,1048,2136.5,49.05218815820267
2019-03-01,Aeropuerto Isla de Pascua,402,604.55,66.49574063352908
2019-03-01,Aeropuerto Punta Arenas,474,563.9,84.05745699592127
2019-03-01,Chacalluta - Aeropuerto,0,0,NA
2019-04-01,Aeropuerto C. Arturo Merino Benítez,420677.3,551197.15,76.32065949542735
2019-04-01,Aeropuerto Carriel Sur,48,48,100
2019-04-01,Aeropuerto Cerro Moreno,1461,1718.5,85.01600232761129
2019-04-01,Aeropuerto Diego Aracena,884,1389.9999999999998,63.59712230215828
2019-04-01,Aeropuerto El Tepual,172,172,100
2019-04-01,Aeropuerto Isla de Pascua,627,651.3,96.26900046061724
2019-04-01,Aeropuerto Punta Arenas,151,357.29999999999995,42.261404981808006
2019-05-01,Aeropuerto C. Arturo Merino Benítez,387462.34,552464.6275,70.133420442379375
2019-05-01,Aeropuerto Cerro Moreno,1367,1718.5,79.54611579866162
2019-05-01,Aeropuerto Diego Aracena,823,1364.6999999999998,60.30629442368287
2019-05-01,Aeropuerto Isla de Pascua,382,651.3,58.651926915399976
2019-05-01,Aeropuerto La Florida,224,224,100
2019-05-01,Aeropuerto Punta Arenas,186,357.29999999999995,52.05709487825357
2019-06-01,Aeropuerto C. Arturo Merino Benítez,361193.01,555702.3659999999,64.99756562130601
2019-06-01,Aeropuerto Cerro Moreno,1625,1815.5,89.50702285871661
2019-06-01,Aeropuerto Diego Aracena,770,1364.6999999999998,56.42265699421118
2019-06-01,Aeropuerto Isla de Pascua,379,651.3,58.191309688315684
2019-06-01,Aeropuerto La Florida,142,142,100
2019-06-01,Aeropuerto Punta Arenas,179,357.29999999999995,50.097956898964455
2019-07-01,Aeropuerto C. Arturo Merino Benítez,397674.58,564935.45,70.39292365171987
2019-07-01,Aeropuerto Cerro Moreno,1478,1718.5,86.00523712540006
2019-07-01,Aeropuerto Diego Aracena,1053,1294.1499999999996,81.36614766449023
2019-07-01,Aeropuerto Isla de Pascua,616,620.95,99.20283436669618
2019-07-01,Aeropuerto La Florida,0,134.9,0
2019-07-01,Aeropuerto Punta Arenas,161,359.09999999999997,44.83430799220273
2019-07-01,Chacalluta - Aeropuerto,0,0,NA
2019-08-01,Aeropuerto C. Arturo Merino Benítez,416889.97,568356.7999999999,73.35004525326345
2019-08-01,Aeropuerto Cerro Moreno,1571,1718.5,91.41693337212685
2019-08-01,Aeropuerto Diego Aracena,809,1277.4499999999998,63.32928881756625
2019-08-01,Aeropuerto Isla de Pascua,456,620.95,73.43586440132054
2019-08-01,Aeropuerto Punta Arenas,255,357.29999999999995,71.36859781696054
2019-09-01,Aeropuerto C. Arturo Merino Benítez,395494.48,556727.35,71.03916845472025
2019-09-01,Aeropuerto Cerro Moreno,1444,1718.5,84.02676752982252
2019-09-01,Aeropuerto Diego Aracena,818,1282.3999999999999,63.78665003119153
2019-09-01,Aeropuerto Isla de Pascua,381,620.95,61.35759723005072
2019-09-01,Aeropuerto Punta Arenas,195,357.29999999999995,54.57598656591101
2019-10-01,Aeropuerto C. Arturo Merino Benítez,339905.84,550799.1,61.711400763000526
2019-10-01,Aeropuerto Cerro Moreno,952,1718.5,55.397148676171085
2019-10-01,Aeropuerto Diego Aracena,655,1282.3999999999999,51.07610729881473
2019-10-01,Aeropuerto Isla de Pascua,721,854.95,84.33241710041523
2019-10-01,Aeropuerto Punta Arenas,92,357.29999999999995,25.74867058494263
2019-11-01,Aeropuerto C. Arturo Merino Benítez,383256,575701.7,66.57197642459629
2019-11-01,Aeropuerto Cerro Moreno,1333,1718.5,77.56764620308408
2019-11-01,Aeropuerto Diego Aracena,1012,1282.3999999999999,78.91453524641298
2019-11-01,Aeropuerto Isla de Pascua,429,620.95,69.0876882196634
2019-11-01,Aeropuerto Punta Arenas,229,410.4,55.799220272904485
2019-11-01,Chacalluta - Aeropuerto,5,5,100
2019-12-01,Aeropuerto C. Arturo Merino Benítez,404523.53,566967.303,71.3486523578239
2019-12-01,Aeropuerto Carriel Sur,274,274,100
2019-12-01,Aeropuerto Cerro Moreno,1449,1873.5,77.34187349879905
2019-12-01,Aeropuerto Diego Aracena,1112,1339.4999999999998,83.01605076521092
2019-12-01,Aeropuerto Isla de Pascua,568,620.95,91.4727433770835
2019-12-01,Aeropuerto La Florida,499,499,100
2019-12-01,Aeropuerto Punta Arenas,219,355.69999999999993,61.56873770030926
2020-01-01,Aeropuerto C. Arturo Merino Benítez,447427.22,591163.997,75.6858033084853
2020-01-01,Aeropuerto Carriel Sur,1797,1759.9,102.10807432240468
2020-01-01,Aeropuerto Cerro Moreno,2139,1998.1999999999998,107.0463417075368
2020-01-01,Aeropuerto Diego Aracena,2296,2188.1499999999996,104.9288211502868
2020-01-01,Aeropuerto Isla de Pascua,387,620.95,62.32385860375231
2020-01-01,Aeropuerto Punta Arenas,142,308.29999999999995,46.059033409017196
2020-02-01,Aeropuerto C. Arturo Merino Benítez,383452.22,598643.1595,64.05355409393934
2020-02-01,Aeropuerto Carriel Sur,1104.64,1836.3319999999999,60.154699694826434
2020-02-01,Aeropuerto Cerro Moreno,2248,2112.7,106.40412741988925
2020-02-01,Aeropuerto Diego Aracena,1711,1952.6499999999996,87.62451028090034
2020-02-01,Aeropuerto Isla de Pascua,483,620.95,77.78404058297768
2020-02-01,Aeropuerto Punta Arenas,257,276.79999999999995,92.84682080924857
2020-03-01,Aeropuerto C. Arturo Merino Benítez,257037.38,581958.35,44.16765907732057
2020-03-01,Aeropuerto Carriel Sur,1033,1861.3500000000001,55.49735407097
2020-03-01,Aeropuerto Cerro Moreno,860,2166.7,39.691697050814604
2020-03-01,Aeropuerto Diego Aracena,594,1627.9999999999998,36.48648648648649
2020-03-01,Aeropuerto El Tepual,0,0,NA
2020-03-01,Aeropuerto Isla de Pascua,228,620.95,36.71793220066027
2020-03-01,Aeropuerto Punta Arenas,78,255.89999999999998,30.480656506447833
2020-03-01,Chacalluta - Aeropuerto,0,0,NA
2020-04-01,Aeropuerto C. Arturo Merino Benítez,5949,261999.3,2.2706167535562116
2020-04-01,Aeropuerto Cerro Moreno,0,0,NA
2020-05-01,Aeropuerto C. Arturo Merino Benítez,4600,291418.39999999997,1.5784864648217136
2020-05-01,Aeropuerto Cerro Moreno,0,0,NA
2020-05-01,Aeropuerto Diego Aracena,140,140,100
2020-06-01,Aeropuerto C. Arturo Merino Benítez,5279,270719.95,1.9499855847343353
2020-06-01,Aeropuerto Cerro Moreno,0,0,NA
2020-06-01,Aeropuerto Diego Aracena,24,794.8999999999996,3.0192477041137264
2020-07-01,Aeropuerto C. Arturo Merino Benítez,3883,255731.84999999998,1.5183873264124121
2020-07-01,Aeropuerto Cerro Moreno,0,0,NA
2020-07-01,Aeropuerto Diego Aracena,15,794.8999999999996,1.887029815071079
2020-07-01,Aeropuerto Punta Arenas,30,30,100
2020-08-01,Aeropuerto C. Arturo Merino Benítez,8648,242355.55,3.5683111032530515
2020-08-01,Aeropuerto Cerro Moreno,0,0,NA
2020-08-01,Aeropuerto Diego Aracena,76,794.8999999999996,9.560951063026799
2020-09-01,Aeropuerto C. Arturo Merino Benítez,12540.39,260901.3,4.806564781394344
2020-09-01,Aeropuerto Cerro Moreno,0,0,NA
2020-09-01,Aeropuerto Diego Aracena,77,794.8999999999996,9.686753050698206
2020-10-01,Aeropuerto C. Arturo Merino Benítez,29584,353398.55,8.371285054791539
2020-10-01,Aeropuerto Carriel Sur,41,41,100
2020-10-01,Aeropuerto Cerro Moreno,0,0,NA
2020-10-01,Aeropuerto Diego Aracena,140,1233.8999999999996,11.346138260799096
2020-10-01,Aeropuerto La Florida,0,0,NA
2020-11-01,Aeropuerto C. Arturo Merino Benítez,45183.94,340919.55,13.253549114446503
2020-11-01,Aeropuerto Carriel Sur,41,41,100
2020-11-01,Aeropuerto Cerro Moreno,0,130.15,0
2020-11-01,Aeropuerto Diego Aracena,194,1233.8999999999996,15.722505875678747
2020-11-01,Aeropuerto La Florida,0,0,NA
2020-12-01,Aeropuerto C. Arturo Merino Benítez,73274.93,341107.85,21.481455205443087
2020-12-01,Aeropuerto Cerro Moreno,51,169.2,30.14184397163121
2020-12-01,Aeropuerto Diego Aracena,389,1233.8999999999996,31.526055596077484
2020-12-01,Aeropuerto La Florida,0,0,NA
2021-01-01,Aeropuerto C. Arturo Merino Benítez,86878.99,227497.45299999995,38.18899458184265
2021-01-01,Aeropuerto Cerro Moreno,212,195.6,108.38445807770962
2021-01-01,Aeropuerto Diego Aracena,452,826.3999999999996,54.69506292352374
2021-02-01,Aeropuerto C. Arturo Merino Benítez,91561.04,171707.49999999997,53.323844328290846
2021-02-01,Aeropuerto Cerro Moreno,287,275.75,104.07978241160471
2021-02-01,Aeropuerto Diego Aracena,282,560.15,50.343657948763735
2021-03-01,Aeropuerto C. Arturo Merino Benítez,81327.05,110687.74999999999,73.4743004533022
2021-03-01,Aeropuerto Cerro Moreno,361,346.2,104.27498555748123
2021-03-01,Aeropuerto Diego Aracena,361,351.75,102.62970859985785
2021-03-01,Aeropuerto Punta Arenas,0,0,NA
2021-03-01,Chacalluta - Aeropuerto,0,0,NA
2021-04-01,Aeropuerto C. Arturo Merino Benítez,16766.48,103126.04999999999,16.25823931004824
2021-04-01,Aeropuerto Carriel Sur,0,0,NA
2021-04-01,Aeropuerto Cerro Moreno,0,0,NA
2021-04-01,Aeropuerto Diego Aracena,146,530.6999999999998,27.51083474656115
2021-04-01,Aeropuerto Punta Arenas,0,0,NA
2021-05-01,Aeropuerto C. Arturo Merino Benítez,12588.31,95232.7,13.2184743265706
2021-05-01,Aeropuerto Carriel Sur,75,73.05,102.66940451745381
2021-05-01,Aeropuerto Cerro Moreno,0,0,NA
2021-05-01,Aeropuerto Diego Aracena,137,396.04999999999995,34.59159197071077
2021-05-01,Aeropuerto Punta Arenas,0,0,NA
2021-06-01,Aeropuerto C. Arturo Merino Benítez,15989.52,99943.59999999999,15.998543178352593
2021-06-01,Aeropuerto Cerro Moreno,0,0,NA
2021-06-01,Aeropuerto Diego Aracena,197,346.2,56.90352397458117
2021-06-01,Aeropuerto Punta Arenas,0,0,NA
2021-07-01,Aeropuerto C. Arturo Merino Benítez,23806.02,106870.79999999999,22.275513985110997
2021-07-01,Aeropuerto Cerro Moreno,188,342.5,54.89051094890512
2021-07-01,Aeropuerto Diego Aracena,173,344.34999999999997,50.23958182082184
2021-07-01,Aeropuerto Punta Arenas,0,0,NA
2021-08-01,Aeropuerto C. Arturo Merino Benítez,55303.03,114229.09999999999,48.41413440182931
2021-08-01,Aeropuerto Cerro Moreno,0,0,NA
2021-08-01,Aeropuerto Diego Aracena,112,382.5,29.28104575163399
2021-09-01,Aeropuerto C. Arturo Merino Benítez,72765.86,120178.34999999999,60.54822686448933
2021-09-01,Aeropuerto Cerro Moreno,0,0,NA
2021-09-01,Aeropuerto Diego Aracena,86,340.65,25.245853515338325
2021-10-01,Aeropuerto C. Arturo Merino Benítez,82710.86,128958.49999999999,64.13757914367801
2021-10-01,Aeropuerto Cerro Moreno,190,338.79999999999995,56.08028335301063
2021-10-01,Aeropuerto Diego Aracena,266,340.65,78.0860120358139
2021-10-01,Aeropuerto La Florida,0,0,NA
2021-11-01,Aeropuerto C. Arturo Merino Benítez,170476.17,162061.64999999997,105.19217223815755
2021-11-01,Aeropuerto Cerro Moreno,535,482.79999999999984,110.81193040596524
2021-11-01,Aeropuerto Diego Aracena,341,350,97.42857142857143
2021-12-01,Aeropuerto C. Arturo Merino Benítez,194535.81,196579.00299999997,98.96062500632381
2021-12-01,Aeropuerto Cerro Moreno,1245,1031.9999999999995,120.63953488372098
2021-12-01,Aeropuerto Diego Aracena,416,385.75,107.84186649384316
2021-12-01,Aeropuerto Punta Arenas,4,4,100
2022-01-01,Aeropuerto C. Arturo Merino Benítez,237621,240558.8,98.77876012018683
2022-01-01,Aeropuerto Cerro Moreno,1643,1523.5999999999997,107.83670254660018
2022-01-01,Aeropuerto Diego Aracena,518,518,100
2022-01-01,Aeropuerto Punta Arenas,4,3.8,105.26315789473684
2022-02-01,Aeropuerto C. Arturo Merino Benítez,245832,260890.75,94.22794790539719
2022-02-01,Aeropuerto Cerro Moreno,1730,1703.9,101.53178003403956
2022-02-01,Aeropuerto Diego Aracena,832,823.1499999999999,101.07513818866552
2022-02-01,Aeropuerto Punta Arenas,2,3.8,52.63157894736842
2022-03-01,Aeropuerto C. Arturo Merino Benítez,250135,274010.8,91.28654782950161
2022-03-01,Aeropuerto Cerro Moreno,1842,1808.4,101.85799601857997
2022-03-01,Aeropuerto Diego Aracena,788,775.8,101.57257025006446
2022-03-01,Aeropuerto Punta Arenas,12,12,100
2022-04-01,Aeropuerto C. Arturo Merino Benítez,241890,289704,83.49556788998426
2022-04-01,Aeropuerto Cerro Moreno,1964,1937.05,101.39129088046258
2022-04-01,Aeropuerto Diego Aracena,733,779.75,94.00448861814684
2022-04-01,Aeropuerto Punta Arenas,3,11.549999999999999,25.974025974025977
2022-05-01,Aeropuerto C. Arturo Merino Benítez,255842,302786.5,84.49584112898032
2022-05-01,Aeropuerto Cerro Moreno,1605,1991.2,80.6046605062274
2022-05-01,Aeropuerto Diego Aracena,771,911,84.63227222832053
2022-05-01,Chacalluta - Aeropuerto,291,291,100
2022-06-01,Aeropuerto C. Arturo Merino Benítez,246709,296981.64999999997,83.07213593836522
2022-06-01,Aeropuerto Cerro Moreno,1972,2465.35,79.98864258624536
2022-06-01,Aeropuerto Diego Aracena,645,774.25,83.30642557313529
2022-06-01,Chacalluta - Aeropuerto,1221,1174.5,103.95913154533845
2022-07-01,Aeropuerto C. Arturo Merino Benítez,318030,333446.69999999995,95.3765624311172
2022-07-01,Aeropuerto Cerro Moreno,1517,1884.35,80.50521399952238
2022-07-01,Aeropuerto Diego Aracena,733,771.5,95.00972132209981
2022-07-01,Aeropuerto Punta Arenas,91,91,100
2022-07-01,Chacalluta - Aeropuerto,1744,1691.7,103.09156469823255
2022-08-01,Aeropuerto C. Arturo Merino Benítez,305439,350700.5,87.09397334762853
2022-08-01,Aeropuerto Cerro Moreno,1608,1880.5,85.50917309226269
2022-08-01,Aeropuerto Diego Aracena,498,768.75,64.78048780487805
2022-08-01,Aeropuerto Punta Arenas,122,120.44999999999999,101.28684101286842
2022-08-01,Chacalluta - Aeropuerto,1807,1797.55,100.5257155572863
2022-09-01,Aeropuerto C. Arturo Merino Benítez,296778,357194.3,83.08587231095234
2022-09-01,Aeropuerto Cerro Moreno,1714,2012.6499999999999,85.16135443320995
2022-09-01,Aeropuerto Diego Aracena,591,766,77.15404699738903
2022-09-01,Aeropuerto Punta Arenas,119,121.69999999999999,97.78142974527528
2022-09-01,Chacalluta - Aeropuerto,1415,1794.4,78.85644226482388
2022-10-01,Aeropuerto C. Arturo Merino Benítez,333936,370412.19999999995,90.15253817233882
2022-10-01,Aeropuerto Cerro Moreno,1443,1876.6499999999999,76.89233474542402
2022-10-01,Aeropuerto Diego Aracena,691,763.25,90.53390108090403
2022-10-01,Aeropuerto Punta Arenas,151,146.64999999999998,102.96624616433687
2022-11-01,Aeropuerto C. Arturo Merino Benítez,363109,394618.64999999997,92.01516451389209
2022-11-01,Aeropuerto Cerro Moreno,2477,2812.6499999999996,88.06641423568522
2022-11-01,Aeropuerto Diego Aracena,461,760.5,60.61801446416831
2022-11-01,Aeropuerto Punta Arenas,131,161.1,81.31595282433271
2022-12-01,Aeropuerto C. Arturo Merino Benítez,364763,423129.94999999995,86.2059043563331
2022-12-01,Aeropuerto Cerro Moreno,3358,3192.85,105.17249479305323
2022-12-01,Aeropuerto Diego Aracena,555,757.75,73.24315407456285
2022-12-01,Aeropuerto Punta Arenas,267,238,112.18487394957984
2023-01-01,Aeropuerto C. Arturo Merino Benítez,410319,446181.39999999997,91.96237225487212
2023-01-01,Aeropuerto Cerro Moreno,4010,3671.6499999999996,109.21520297413971
2023-01-01,Aeropuerto Diego Aracena,718,820.55,87.50228505270854
2023-01-01,Aeropuerto Punta Arenas,124,232.19999999999993,53.40223944875109
2023-02-01,Aeropuerto C. Arturo Merino Benítez,407889,457435.64999999997,89.16860765005964
2023-02-01,Aeropuerto Cerro Moreno,3907,3960.1499999999996,98.65787912074039
2023-02-01,Aeropuerto Diego Aracena,650,757.75,85.78027053777632
2023-02-01,Aeropuerto Punta Arenas,162,231.54999999999995,69.9632908659037
2023-03-01,Aeropuerto C. Arturo Merino Benítez,401360,468040.05,85.75334525325343
2023-03-01,Aeropuerto Cerro Moreno,3600,4105.9,87.67870625197887
2023-03-01,Aeropuerto Diego Aracena,758,775.85,97.69929754462848
2023-03-01,Aeropuerto Punta Arenas,190,236.2,80.4403048264183
2023-04-01,Aeropuerto C. Arturo Merino Benítez,326606,456091.94999999995,71.60968309131526
2023-04-01,Aeropuerto Carriel Sur,65,65,100
2023-04-01,Aeropuerto Cerro Moreno,3540,4124.7,85.82442359444323
2023-04-01,Aeropuerto Diego Aracena,732,732.45,99.93856235920539
2023-04-01,Aeropuerto Punta Arenas,285,276.9,102.9252437703142
2023-05-01,Aeropuerto C. Arturo Merino Benítez,332882,456353.89999999997,72.94382714818478
2023-05-01,Aeropuerto Carriel Sur,30,30,100
2023-05-01,Aeropuerto Cerro Moreno,3172,4121.299999999999,76.96600587193363
2023-05-01,Aeropuerto Diego Aracena,681,732.45,92.97562973581815
2023-05-01,Aeropuerto Punta Arenas,116,276,42.028985507246375
2023-06-01,Aeropuerto C. Arturo Merino Benítez,342779,471634.39999999997,72.67896489314604
2023-06-01,Aeropuerto Cerro Moreno,3684,4328.9,85.10245096906837
2023-06-01,Aeropuerto Diego Aracena,604,732.45,82.46296675540992
2023-06-01,Aeropuerto Punta Arenas,48,275.1,17.44820065430752
2023-06-01,Chacalluta - Aeropuerto,269,1797.55,14.964813217991155
2023-07-01,Aeropuerto C. Arturo Merino Benítez,434761,489366.6,88.84157602909556
2023-07-01,Aeropuerto Cerro Moreno,3667,4323.8,84.80965817105324
2023-07-01,Aeropuerto Diego Aracena,810,767.0999999999999,105.59249120062574
2023-07-01,Aeropuerto Punta Arenas,78,275.1,28.353326063249725
2023-08-01,Aeropuerto C. Arturo Merino Benítez,400265,497889.1,80.39240063700933
2023-08-01,Aeropuerto Cerro Moreno,3224,3533.7,91.2358151512579
2023-08-01,Aeropuerto Diego Aracena,180,767.0999999999999,23.4649980445835
2023-08-01,Aeropuerto Punta Arenas,166,275.1,60.341693929480186
2023-09-01,Aeropuerto C. Arturo Merino Benítez,390723,497702.5,78.5053320005425
2023-09-01,Aeropuerto Cerro Moreno,3494,4192.55,83.33830246508688
2023-09-01,Aeropuerto Punta Arenas,115,275.1,41.802980734278435
2023-10-01,Aeropuerto C. Arturo Merino Benítez,425407,517253.05,82.24349764588145
2023-10-01,Aeropuerto Cerro Moreno,3346,5405.4,61.90106190106191
2023-10-01,Aeropuerto Punta Arenas,187,277.05,67.49684172532034
2023-11-01,Aeropuerto C. Arturo Merino Benítez,445804,538322.1,82.81361660611742
2023-11-01,Aeropuerto Cerro Moreno,3154,4050.75,77.86212429796952
2023-11-01,Aeropuerto Punta Arenas,257,275.1,93.42057433660487
2023-12-01,Aeropuerto C. Arturo Merino Benítez,452336,563326.25,80.2973410168619
2023-12-01,Aeropuerto Cerro Moreno,3801,4171.65,91.11502642839166
2023-12-01,Aeropuerto Diego Aracena,219,219,100
2023-12-01,Aeropuerto Punta Arenas,230,269.6,85.31157270029674
2024-01-01,Aeropuerto C. Arturo Merino Benítez,495944,588156.2999999999,84.3218035750021
2024-01-01,Aeropuerto Cerro Moreno,5539,6064.399999999999,91.33632346151312
2024-01-01,Aeropuerto Punta Arenas,173,284.6,60.787069571328175
2024-02-01,Aeropuerto C. Arturo Merino Benítez,506129,604292.1,83.75568702619147
2024-02-01,Aeropuerto Cerro Moreno,5645,5510.299999999999,102.44451300292181
2024-02-01,Aeropuerto Punta Arenas,218,269.6,80.86053412462907
2024-03-01,Aeropuerto C. Arturo Merino Benítez,500360,620081.35,80.69263815142965
2024-03-01,Aeropuerto Carriel Sur,387,387,100
2024-03-01,Aeropuerto Cerro Moreno,4402,5509.549999999999,79.89763229301849
2024-03-01,Aeropuerto Punta Arenas,181,270.6,66.88839615668883
2024-04-01,Aeropuerto C. Arturo Merino Benítez,383865,603716.95,63.583604866485864
2024-04-01,Aeropuerto Carriel Sur,760,741.35,102.51568085249883
2024-04-01,Aeropuerto Cerro Moreno,3086,5508.799999999999,56.01945977345339
2024-04-01,Aeropuerto Punta Arenas,147,256.7,57.26529022204909
2024-05-01,Aeropuerto C. Arturo Merino Benítez,408885,589933.75,69.3103251000642
2024-05-01,Aeropuerto Carriel Sur,513,735.3,69.76744186046511
2024-05-01,Aeropuerto Cerro Moreno,2966,5508.049999999999,53.84845816577556
2024-05-01,Aeropuerto Punta Arenas,83,242.14999999999998,34.27627503613463
2024-06-01,Aeropuerto C. Arturo Merino Benítez,423278,619900.2,68.28163630210153
2024-06-01,Aeropuerto Cerro Moreno,2886,5507.299999999999,52.403173969095576
2024-06-01,Aeropuerto Diego Aracena,0,0,NA
2024-06-01,Aeropuerto Punta Arenas,53,242.14999999999998,21.887259962832957
2024-07-01,Aeropuerto C. Arturo Merino Benítez,571467,669176.95,85.39848839682837
2024-07-01,Aeropuerto Cerro Moreno,3945,5752.8499999999995,68.5747064498466
2024-07-01,Aeropuerto Punta Arenas,145,242.14999999999998,59.88023952095809
2024-08-01,Aeropuerto C. Arturo Merino Benítez,504266,681039.7999999999,74.04354341699268
2024-08-01,Aeropuerto Carriel Sur,153,153,100
2024-08-01,Aeropuerto Cerro Moreno,2620,5752.8499999999995,45.54264408075998
2024-08-01,Aeropuerto Punta Arenas,147,242.14999999999998,60.7061738591782
2024-09-01,Aeropuerto C. Arturo Merino Benítez,483405,704435.8999999999,68.62299323472868
2024-09-01,Aeropuerto Cerro Moreno,2764,5894.8499999999995,46.888385624740245
2024-09-01,Aeropuerto Punta Arenas,88,245.84999999999997,35.794183445190164
2024-10-01,Aeropuerto C. Arturo Merino Benítez,480648,702286.7,68.44042468695478
2024-10-01,Aeropuerto Cerro Moreno,2948,5893.8499999999995,50.01823935118811
2024-10-01,Aeropuerto Punta Arenas,122,242.14999999999998,50.38199463142681
2024-11-01,Aeropuerto C. Arturo Merino Benítez,510443,690471.6499999999,73.92671371807953
2024-11-01,Aeropuerto Cerro Moreno,3075,5752.8499999999995,53.45176738486143
2024-11-01,Aeropuerto Punta Arenas,203,223.39999999999998,90.86839749328558
2024-12-01,Aeropuerto C. Arturo Merino Benítez,538956,709803.5499999999,75.93030494141655
2024-12-01,Aeropuerto Carriel Sur,186,186,100
2024-12-01,Aeropuerto Cerro Moreno,3733,6109.8499999999995,61.09806296390256
2024-12-01,Aeropuerto Diego Aracena,217,217,100
2024-12-01,Aeropuerto La Florida,325,325,100
2024-12-01,Aeropuerto Punta Arenas,180,209.75,85.81644815256257
2025-01-01,Aeropuerto C. Arturo Merino Benítez,588326,704080,83.55953868878537
2025-01-01,Aeropuerto Cerro Moreno,5038,5629.65,89.49046565949926
2025-01-01,Aeropuerto Punta Arenas,164,211.75,77.44982290436836
2025-02-01,Aeropuerto C. Arturo Merino Benítez,576544,695226.75,82.92891491876571
2025-02-01,Aeropuerto Cerro Moreno,4978,5393.799999999999,92.29114909711151
2025-02-01,Aeropuerto Punta Arenas,288,266.54999999999995,108.04727068092292
2025-03-01,Aeropuerto C. Arturo Merino Benítez,542869,691666.45,78.48710892367268
2025-03-01,Aeropuerto Cerro Moreno,3984,5220.449999999999,76.31526017872025
2025-03-01,Aeropuerto Diego Aracena,150,150,100
2025-03-01,Aeropuerto Punta Arenas,221,228.64999999999998,96.65427509293681
2025-04-01,Aeropuerto C. Arturo Merino Benítez,415084,666336.9,62.29341343695659
2025-04-01,Aeropuerto Cerro Moreno,3239,5393.449999999999,60.05432515365862
2025-04-01,Aeropuerto Punta Arenas,171,228.64999999999998,74.78679204023618
2025-05-01,Aeropuerto C. Arturo Merino Benítez,424931,639045.65,66.49462366264444
2025-05-01,Aeropuerto Cerro Moreno,3054,5220.449999999999,58.50070396230211
2025-05-01,Aeropuerto Diego Aracena,60,60,100
2025-05-01,Aeropuerto Punta Arenas,182,228.64999999999998,79.59763831183032
2025-06-01,Aeropuerto C. Arturo Merino Benítez,440577,677508.1,65.02903802921324
2025-06-01,Aeropuerto Cerro Moreno,3030,5418.049999999999,55.92417936342412
2025-06-01,Aeropuerto Diego Aracena,56,53.449999999999996,104.7708138447147
2025-06-01,Aeropuerto Punta Arenas,74,228.64999999999998,32.363874917996945
2025-07-01,Aeropuerto C. Arturo Merino Benítez,599662,714391.45,83.94025432415239
2025-07-01,Aeropuerto Cerro Moreno,3706,4936.049999999999,75.0802767394982
2025-07-01,Aeropuerto Diego Aracena,37,54.099999999999994,68.39186691312385
2025-07-01,Aeropuerto Punta Arenas,69,228.64999999999998,30.17712661272688
2025-08-01,Aeropuerto C. Arturo Merino Benítez,513739,709394.6,72.41935588458102
2025-08-01,Aeropuerto Cerro Moreno,3286,5344.549999999999,61.48319315938667
2025-08-01,Aeropuerto Punta Arenas,169,228.64999999999998,73.91209271812815
2025-09-01,Aeropuerto C. Arturo Merino Benítez,471134,730345.8999999999,64.50833776160036
2025-09-01,Aeropuerto Cerro Moreno,3112,5131.549999999999,60.64444466096989
2025-09-01,Aeropuerto Diego Aracena,83,82.1,101.09622411693057
2025-09-01,Aeropuerto La Florida,74,74,100
2025-09-01,Aeropuerto Punta Arenas,91,228.64999999999998,39.79881915591516
2025-10-01,Aeropuerto C. Arturo Merino Benítez,453195,690138.1,65.66729180724845
2025-10-01,Aeropuerto Cerro Moreno,2550,5131.549999999999,49.692588009470825
2025-10-01,Aeropuerto Diego Aracena,250,212.39999999999995,117.70244821092281
2025-10-01,Aeropuerto Punta Arenas,107,232.64999999999998,45.99183322587578
2025-11-01,Aeropuerto C. Arturo Merino Benítez,483097,708220.95,68.21275196674146
2025-11-01,Aeropuerto Cerro Moreno,3152,5033.049999999999,62.626041863283696
2025-11-01,Aeropuerto Diego Aracena,294,290.25,101.29198966408268
2025-11-01,Aeropuerto Punta Arenas,233,239.04999999999998,97.46914871365824
2025-12-01,Aeropuerto C. Arturo Merino Benítez,544052,734009.95,74.1205211182764
2025-12-01,Aeropuerto Carriel Sur,371,371,100
2025-12-01,Aeropuerto Cerro Moreno,4438,5555.049999999999,79.89127010557962
2025-12-01,Aeropuerto Diego Aracena,640,593.4999999999999,107.83487784330245
2025-12-01,Aeropuerto La Florida,559,559,100
2025-12-01,Aeropuerto Punta Arenas,241,243.39999999999998,99.01396877567791
2026-01-01,Aeropuerto C. Arturo Merino Benítez,599117,809756.85,73.98727161122503
2026-01-01,Aeropuerto Cerro Moreno,5033,4913.1,102.44041440231217
2026-01-01,Aeropuerto Diego Aracena,1339,1339.65,99.95147986414361
2026-01-01,Aeropuerto Punta Arenas,379,337.94999999999993,112.1467672732653
2026-02-01,Aeropuerto C. Arturo Merino Benítez,595032,807927.5499999999,73.64917807295964
2026-02-01,Aeropuerto Cerro Moreno,4767,4952.7,96.25053001393181
2026-02-01,Aeropuerto Diego Aracena,877,1284.55,68.27293604764316
2026-02-01,Aeropuerto Punta Arenas,345,366.05,94.24941947821335
2026-03-01,Aeropuerto C. Arturo Merino Benítez,550343,759777.95,72.4347159587877
2026-03-01,Aeropuerto Carriel Sur,179,179,100
2026-03-01,Aeropuerto Cerro Moreno,3978,4945,80.44489383215368
2026-03-01,Aeropuerto Diego Aracena,328,436.85,75.08298042806454
2026-03-01,Aeropuerto Punta Arenas,287,297.79999999999995,96.37340496977839
