Fecha,arima_Pronostico,arima_li,arima_ls,sarimax_Pronostico,sarimax_li,sarimax_ls,Variable
2027-01-01,48.137121780735804,0,258.9345646976569,0,0,193.2482575268927,AFRICA
2027-02-01,78.06904713346415,0,328.38721878598125,0,0,188.5388757124982,AFRICA
2027-03-01,104.58224988096904,0,383.25045503054025,72.33238159644583,0,319.0877943010654,AFRICA
2027-04-01,125.98141802509812,0,422.80796811873904,0,0,200.56854749099676,AFRICA
2027-05-01,143.63949237787335,0,453.1183638678495,0,0,200.4078982735871,AFRICA
2027-06-01,158.13190156662574,0,476.60675326694366,0,0,182.11857859086052,AFRICA
2027-01-01,2.0956015980601155,0,11.461800172935082,2.359165716320028,0,12.601410464956999,ANGOLA
2027-02-01,2.494662296213506,0,12.078479848273098,0.36837113117771736,0,10.652616241442859,ANGOLA
2027-03-01,2.8168375633740617,0,12.556287210198487,2.1405059525941814,0,12.57169439503392,ANGOLA
2027-04-01,2.9250687565159277,0,12.698637491206046,1.3229038230142043,0,11.758659077853846,ANGOLA
2027-05-01,2.9835268627908182,0,12.775880280045447,1.8169737072661793,0,12.257357480497046,ANGOLA
2027-06-01,3.0073734834841304,0,12.810452672660475,1.2149580664351405,0,11.655634908174207,ANGOLA
2027-01-01,3.2584073859003966,0,46.18653978610539,3.8319145253655056,0,52.32477510343926,ARGELIA
2027-02-01,3.2584073859003966,0,46.19785455140097,2.544855101478814,0,51.03771567955257,ARGELIA
2027-03-01,3.2584073859003966,0,46.209166335983014,2.233239914900974,0,50.72610049297472,ARGELIA
2027-04-01,3.2584073859003966,0,46.22047514220594,1.6817743977169666,0,50.17463497579072,ARGELIA
2027-05-01,3.2584073859003966,0,46.2317809724211,1.9169002127475652,0,50.409760790821316,ARGELIA
2027-06-01,3.2584073859003966,0,46.24308382897673,1.0717648559716728,0,49.564625434045425,ARGELIA
2027-01-01,0.2736737936593707,0,3.1152053199610257,0.3657448330833801,0,3.577198911458269,CABO VERDE
2027-02-01,0.2736737936593707,0,3.1176573837440062,3.6313863404442055e-19,0,3.2114540783748886,CABO VERDE
2027-03-01,0.2736737936593707,0,3.1201073351943163,1,0,4.211454078374889,CABO VERDE
2027-04-01,0.2736737936593707,0,3.1225551797615805,3.6313863404442055e-19,0,3.2114540783748886,CABO VERDE
2027-05-01,0.2736737936593707,0,3.125000922872034,0.08680081027998371,0,3.2982548886548724,CABO VERDE
2027-06-01,0.2736737936593707,0,3.1274445699286577,0.5393464536433474,0,3.750800532018236,CABO VERDE
2027-01-01,2.008831986258093,0,18.619412097648883,3.006763946429751,0,21.861387375482412,EGIPTO
2027-02-01,2.008831986258093,0,18.862404408780563,3.274770442094213,0,22.207766995577053,EGIPTO
2027-03-01,2.008831986258093,0,19.101942737829567,3.314308922325138,0,22.306740758915332,EGIPTO
2027-04-01,2.008831986258093,0,19.338170315512528,3.1913165526158456,0,22.22886192812711,EGIPTO
2027-05-01,2.008831986258093,0,19.57122073876114,3.549232331747772,0,22.621043396968318,EGIPTO
2027-06-01,2.008831986258093,0,19.80121885419473,0.3164164563814657,0,19.414266918111345,EGIPTO
2027-01-01,1.1177945542448515,0,6.452884057417404,0.7416041316808843,0,6.804586827467744,GHANA
2027-02-01,1.373253771920156,0,6.857093299855894,6.082180281249119,0,12.266127959076055,GHANA
2027-03-01,1.5844354170155726,0,7.167650245998616,2.634016273754026,0,8.88969367943023,GHANA
2027-04-01,1.7590139177682496,0,7.409135647218759,1.6670493697512772,0,7.965536085920106,GHANA
2027-05-01,1.9033335290265194,0,7.598726734240041,2.106736020152081,0,8.430867349605336,GHANA
2027-06-01,2.022638885092357,0,7.748764328614726,1.9290401139050033,0,8.268567374573612,GHANA
2027-01-01,1.4361362580673596,0,9.589538209673828,4.116724369381854,0,12.62912049478987,KENIA
2027-02-01,1.4361362580673596,0,9.63274882233033,1.9870715214687324,0,10.499467646876749,KENIA
2027-03-01,1.4361362580673596,0,9.675732830279317,3.1690205113699417,0,11.681416636777959,KENIA
2027-04-01,1.4361362580673596,0,9.718493761639666,4.559541707398137,0,13.071937832806153,KENIA
2027-05-01,1.4361362580673596,0,9.76103505391791,3.1819489899012092,0,11.694345115309225,KENIA
2027-06-01,1.4361362580673596,0,9.803360057233208,1.5585612829723243,0,10.070957408380341,KENIA
2027-01-01,0.07816627953742192,0,1.5426801219903137,0.3059454053113878,0,2.0054924602166797,LIBIA
2027-02-01,0.07816627953742192,0,1.5446861017242777,0.6940545946886121,0,2.3936016495939043,LIBIA
2027-03-01,0.07816627953742192,0,1.5466893413235825,0,0,1.699547054905292,LIBIA
2027-04-01,0.07816627953742192,0,1.5486898519865795,0,0,1.699547054905292,LIBIA
2027-05-01,0.07816627953742192,0,1.550687644835551,0,0,1.699547054905292,LIBIA
2027-06-01,0.07816627953742192,0,1.5526827309174325,0,0,1.699547054905292,LIBIA
2027-01-01,12.250202320880327,0,77.29767220423801,14.695063010551477,0,80.90169768991095,MARRUECOS
2027-02-01,13.962027266653875,0,79.64151282483586,15.045499717086305,0,81.81691692493108,MARRUECOS
2027-03-01,14.201235123652111,0,79.89300143031562,13.955895237885326,0,80.7273124457301,MARRUECOS
2027-04-01,14.234661671729334,0,79.9266677598674,16.504538992732034,0,83.27595620057681,MARRUECOS
2027-05-01,14.239332647550865,0,79.93134341785698,15.100608502201318,0,81.87202571004607,MARRUECOS
2027-06-01,14.239985362724292,0,79.9319962244584,10.200930500548015,0,76.97234770839279,MARRUECOS
2027-01-01,3.654759012172654,0,16.375332261177437,5.146801670492758,0,17.85792344361907,NIGERIA
2027-02-01,3.654759012172654,0,16.378326474298404,3.8820616210052665,0,16.59318339413158,NIGERIA
2027-03-01,3.654759012172654,0,16.381319982962612,7.004651570133607,0,19.71577334325992,NIGERIA
2027-04-01,3.654759012172654,0,16.384312787667035,5.3667889657991505,0,18.077910738925464,NIGERIA
2027-05-01,3.654759012172654,0,16.38730488890808,4.535416137652572,0,17.246537910778883,NIGERIA
2027-06-01,3.654759012172654,0,16.390296287181563,3.6378542846193866,0,16.348976057745702,NIGERIA
2027-01-01,0,0,0.9132352449571787,0,0,1.0485233747357092,SOMALIA
2027-02-01,0.014467292652120198,0,1.0547049805232434,0,0,1.1050125414187715,SOMALIA
2027-03-01,0.08110905054791413,0,1.1643529128024777,0,0,1.1496790508607568,SOMALIA
2027-04-01,0.08073998250089409,0,1.2025294499282002,0.2226566809413151,0,1.4969707915518682,SOMALIA
2027-05-01,0,0,1.1247648636721617,0,0,1.214095161990666,SOMALIA
2027-06-01,0,0,1.1051098830911867,0,0,1.2374032292301453,SOMALIA
2027-01-01,25.951945530284817,0,158.18681446323598,0,0,62.966733321042156,SUDAFRICA
2027-02-01,46.959509760244615,0,211.9630483659776,0,0,32.60034499098808,SUDAFRICA
2027-03-01,59.01216924494581,0,243.53517738487074,0,0,96.47897688611306,SUDAFRICA
2027-04-01,68.70210134063939,0,271.8642770956962,0,0,22.50124080852521,SUDAFRICA
2027-05-01,73.30245613422386,0,287.5714378717041,0,0,0,SUDAFRICA
2027-06-01,73.30245613422386,0,291.3969460415979,0,0,1.2190312360548319,SUDAFRICA
2027-01-01,1.0187742703306992,0,11.639705027693234,1.7772536558077552,0,13.804577800997961,TUNEZ
2027-02-01,1.14453203349701,0,12.031742075372817,1.6429864037707071,0,13.804986741227374,TUNEZ
2027-03-01,1.1600556047700263,0,12.13406496385356,0.7839148708174235,0,13.035579847782813,TUNEZ
2027-04-01,1.1619718384799862,0,12.20718522232546,16.08678152379586,3.775232846064249,28.39833020152747,TUNEZ
2027-05-01,1.1622083788717947,0,12.276437083656013,0.8277798152023497,0,13.179404503798034,TUNEZ
2027-06-01,1.162237577479807,0,12.344844584088625,0,0,12.254628389935515,TUNEZ
2027-01-01,0,0,0,0,0,0,ZAIRE
2027-02-01,0,0,0,0,0,0,ZAIRE
2027-03-01,0,0,0,0,0,0,ZAIRE
2027-04-01,0,0,0,0,0,0,ZAIRE
2027-05-01,0,0,0,0,0,0,ZAIRE
2027-06-01,0,0,0,0,0,0,ZAIRE
2027-01-01,3.8855217757131713,0,32.8184153778577,3.7363924019469215,0,35.83855662961955,ZIMBABWE
2027-02-01,3.97467004041788,0,32.95416159469836,0.8993537325637251,0,33.001517960236356,ZIMBABWE
2027-03-01,4.060092613200255,0,33.08230277173452,3.3642538654893537,0,35.466418093161984,ZIMBABWE
2027-04-01,4.141945198496566,0,33.20332267770311,1.6278614635424322,0,33.73002569121506,ZIMBABWE
2027-05-01,4.220376993529928,0,33.317670007259196,2.868907199276193,0,34.971071426948825,ZIMBABWE
2027-06-01,4.295530960260319,0,33.425761273832876,0.7172267998190482,0,32.819391027491676,ZIMBABWE
2027-01-01,12.394811933482018,0,59.46866919585774,18.0906139319593,0,63.92693914294287,O. AFRICA
2027-02-01,13.785763353129468,0,61.50810992442564,17.077623898302214,0,63.14948079646124,O. AFRICA
2027-03-01,15.082764246994184,0,63.361876630900454,21.612455116435008,0,67.89677871251169,O. AFRICA
2027-04-01,16.292160416353024,0,65.0501994247272,15.843679780230062,0,62.31975529455405,O. AFRICA
2027-05-01,17.419869041211072,0,66.59053125814759,17.781295778110554,0,64.43050064687338,O. AFRICA
2027-06-01,18.471407631128585,0,67.99804117680424,8.5520510986001,0,55.357628750692555,O. AFRICA
2027-01-01,0,0,889.1033406023632,0,0,706.4614605392147,AMERICA CENTRAL
2027-02-01,0.11422553085344589,0,1184.935026012883,0,0,0,AMERICA CENTRAL
2027-03-01,80.13621112817441,0,1429.697664848616,154.43001580658438,0,1176.2190720904482,AMERICA CENTRAL
2027-04-01,0,0,1520.7118309492641,0,0,0,AMERICA CENTRAL
2027-05-01,0,0,1599.8049673590656,0,0,0,AMERICA CENTRAL
2027-06-01,0,0,1792.7827020543948,0,0,0,AMERICA CENTRAL
2027-01-01,0.39767239574689933,0,12.60470844410879,7.375299086723082,0,18.87515785294989,BELICE
2027-02-01,0.39767239574689933,0,13.455514569660455,3.3555478330021558,0,15.29204057470681,BELICE
2027-03-01,0.39767239574689933,0,14.254178282573648,5.612381450636022,0,17.929899005983895,BELICE
2027-04-01,0.39767239574689933,0,15.009252342641526,0,0,12.487167834703516,BELICE
2027-05-01,0.39767239574689933,0,15.727179292490904,0,0,12.606352570347449,BELICE
2027-06-01,0.39767239574689933,0,16.412955560591374,0,0,10.576625103963345,BELICE
2027-01-01,0,0,430.4549551972004,245.83415132800496,0,669.2067517608614,COSTA RICA
2027-02-01,0,0,547.0325432885969,0,0,0,COSTA RICA
2027-03-01,7.94967620382787,0,677.1295100191627,17.033463662395206,0,494.06689836308306,COSTA RICA
2027-04-01,0,0,784.0919263588122,0,0,9.197044765999522,COSTA RICA
2027-05-01,0,0,859.0164817521745,0,0,0,COSTA RICA
2027-06-01,0,0,942.2753060937299,0,0,0,COSTA RICA
2027-01-01,26.76250526994346,0,156.2050581713493,0,0,53.76830053306357,EL SALVADOR
2027-02-01,44.43274397774134,0,200.74110629317306,0,0,57.66507128459847,EL SALVADOR
2027-03-01,55.17606271919966,0,220.78183343051091,60.372406996074005,0,182.285995167973,EL SALVADOR
2027-04-01,64.95930604834324,0,237.89631256386866,38.76865094520938,0,168.65637924268844,EL SALVADOR
2027-05-01,73.86827099116685,0,252.6568894834909,23.29747028321661,0,169.30784307733677,EL SALVADOR
2027-06-01,81.98108733255579,0,265.48071633696287,43.85350960602849,0,206.64886726695403,EL SALVADOR
2027-01-01,35.67534568543563,0,227.38892846600106,0,0,0,GUATEMALA
2027-02-01,56.464427120631214,0,294.9559836268801,0,0,0,GUATEMALA
2027-03-01,68.51726620975442,0,332.25464370588577,0,0,172.64045081549148,GUATEMALA
2027-04-01,75.44310170372934,0,355.91517762233656,0,0,0,GUATEMALA
2027-05-01,79.36007310907456,0,372.5324454808913,0,0,0,GUATEMALA
2027-06-01,81.51124448408376,0,385.25611525898364,0,0,0,GUATEMALA
2027-01-01,5.435125782022675,0,101.53384996573241,0,0,0,HONDURAS
2027-02-01,6.887566859761609,0,117.8518677929079,0,0,0,HONDURAS
2027-03-01,7.275706006657002,0,126.87746931191374,5.775466595071578,0,113.83338716632599,HONDURAS
2027-04-01,7.37942931747606,0,134.05069760231942,0,0,0,HONDURAS
2027-05-01,7.407147534752831,0,140.53322429559506,0,0,0,HONDURAS
2027-06-01,7.414554737270137,0,146.6358604433383,0,0,0,HONDURAS
2027-01-01,11.104043809781231,0,54.13289580050286,0,0,31.082931961847358,NICARAGUA
2027-02-01,16.72460142580988,0,64.96396260828078,0,0,24.08038226712044,NICARAGUA
2027-03-01,21.66879225408936,0,73.58239372319919,20.571504251170595,0,66.77852029301415,NICARAGUA
2027-04-01,26.018008936208386,0,80.60529257286639,0,0,0,NICARAGUA
2027-05-01,29.84384948423692,0,86.41338360481109,0,0,3.548776027312684,NICARAGUA
2027-06-01,33.20929594707165,0,91.26627601614032,0,0,7.863156922185368,NICARAGUA
2027-01-01,41.8538459103512,0,238.4572872877385,0,0,166.97639620407185,PANAMA
2027-02-01,64.05354681467406,0,286.69325817882816,0,0,36.66517248725697,PANAMA
2027-03-01,84.25061329368046,0,326.33204347785374,0,0,202.83364013933812,PANAMA
2027-04-01,102.62570294535996,0,359.68956970888235,0,0,21.973509675244827,PANAMA
2027-05-01,119.34317625061541,0,388.1774144760509,0,0,75.17546603128633,PANAMA
2027-06-01,134.55256673575977,0,412.7529166285651,0,0,56.735810710403854,PANAMA
2027-01-01,3167.1205962162567,0,15354.871785956393,0,0,2942.384626392364,AMERICA DEL NORTE
2027-02-01,9633.53494850548,0,27159.11534650517,0,0,0,AMERICA DEL NORTE
2027-03-01,13333.100163711264,0,33938.31569620515,0,0,6631.670305001868,AMERICA DEL NORTE
2027-04-01,18160.049584744498,0,41160.69331179827,0,0,0,AMERICA DEL NORTE
2027-05-01,20611.38016308647,0,44248.589903479864,0,0,0,AMERICA DEL NORTE
2027-06-01,22215.480976061524,0,46139.496578526014,0,0,0,AMERICA DEL NORTE
2027-01-01,1033.0000862942543,0,2508.7949047553516,584.4357255273853,0,1784.6145795403806,CANADA
2027-02-01,1570.2903820801002,0,3620.0407381110476,870.6401608091528,0,2628.591503546404,CANADA
2027-03-01,1545.794668912808,0,3932.8198840450755,814.1524603282724,0,2923.83925529137,CANADA
2027-04-01,1034.5888689401668,0,3591.799597526572,0,0,0,CANADA
2027-05-01,230.76077446939553,0,2850.995757521467,0,0,0,CANADA
2027-06-01,0,0,2028.5268529192904,0,0,0,CANADA
2027-01-01,2321.068483794914,0,11527.038901413927,0,0,1823.6627299364645,EEUU
2027-02-01,7366.539903722858,0,20457.846229840718,0,0,601.090538381266,EEUU
2027-03-01,9998.256188303709,0,25222.791369573606,0,0,5704.359020230762,EEUU
2027-04-01,13660.307588158119,0,30640.535283829566,0,0,0,EEUU
2027-05-01,15400.188965606381,0,32736.493988140122,0,0,0,EEUU
2027-06-01,16350.250910393048,0,33838.25448333104,0,0,0,EEUU
2027-01-01,997.381128273722,0,2804.2446106311536,0,0,820.3776551168735,MEXICO
2027-02-01,1064.4919605824293,0,3225.724228479833,0,0,0,MEXICO
2027-03-01,547.0741218761746,0,2841.7160868779924,0,0,1208.22662986887,MEXICO
2027-04-01,253.92338006012233,0,2781.818596930597,0,0,0,MEXICO
2027-05-01,281.44771534846905,0,3066.4667991522515,0,0,0,MEXICO
2027-06-01,597.3744883567938,0,3584.964078998279,0,0,0,MEXICO
2027-01-01,0,0,1.8553422248466527,0,0,1.8043309166833528,O. AMERICA DEL NORTE
2027-02-01,0.04201234501623402,0,2.139148661927061,0,0,2.055968437597363,O. AMERICA DEL NORTE
2027-03-01,0.025809184949728108,0,2.2467180080692826,0,0,2.242159382727016,O. AMERICA DEL NORTE
2027-04-01,0,0,2.1950194326537096,0,0,2.0125537849497395,O. AMERICA DEL NORTE
2027-05-01,0,0,2.2160193126765324,0,0,1.891900162339629,O. AMERICA DEL NORTE
2027-06-01,0.029760412613932564,0,2.3191028159335323,0,0,1.868519811467729,O. AMERICA DEL NORTE
2027-01-01,14226.348966946243,0,147833.85728432858,101468.77597773622,9411.23050926924,193526.32144620322,AMERICA DEL SUR
2027-02-01,951.5637133761775,0,190111.0771505341,0,0,124177.05837702223,AMERICA DEL SUR
2027-03-01,80875.19695239741,0,294510.2480178062,0,0,30274.272769912757,AMERICA DEL SUR
2027-04-01,79827.8582611403,0,311628.4326663849,0,0,0,AMERICA DEL SUR
2027-05-01,66840.06408375531,0,316488.48010883306,0,0,0,AMERICA DEL SUR
2027-06-01,134806.23723471677,0,392529.85364410403,0,0,0,AMERICA DEL SUR
2027-01-01,24291.248456994785,0,134825.86797699277,140191.7753869699,69606.70521596576,210776.84555797407,ARGENTINA
2027-02-01,49837.3253509177,0,210231.5550980326,75756.0260631846,0,176088.26883592884,ARGENTINA
2027-03-01,68732.76451207392,0,250712.81421231382,0,0,85176.35600941755,ARGENTINA
2027-04-01,82708.98569764038,0,275478.3599597747,0,0,0,ARGENTINA
2027-05-01,93046.65273791914,0,291470.7223743931,0,0,17875.304628160797,ARGENTINA
2027-06-01,100693.02284159423,0,302143.6048730257,0,0,2875.395540021389,ARGENTINA
2027-01-01,2977.651377431899,0,20071.564498335378,5577.168030269924,0,19534.445576642927,BOLIVIA
2027-02-01,5527.585581610343,0,28032.864694981155,0,0,10775.842237622113,BOLIVIA
2027-03-01,7372.497456435758,0,32245.376742127133,0,0,13398.978877836587,BOLIVIA
2027-04-01,8665.85076623457,0,34623.273496262525,0,0,0,BOLIVIA
2027-05-01,9343.605515387677,0,35591.00939504411,0,0,3009.6812260478255,BOLIVIA
2027-06-01,10247.79066700298,0,37003.52768415533,0,0,6291.115292286686,BOLIVIA
2027-01-01,13980.302585115805,0,37849.28815911888,2175.5086059833848,0,20695.286788418707,BRASIL
2027-02-01,10795.708840644194,0,46047.84189561634,0,0,17668.508606840296,BRASIL
2027-03-01,16946.036015542963,0,54627.132738332075,0,0,30670.312196895604,BRASIL
2027-04-01,15108.400243966786,0,54363.58765008251,0,0,30027.54154474228,BRASIL
2027-05-01,20638.388660208813,0,61216.70641273772,76.62503680287949,0,34711.04171123966,BRASIL
2027-06-01,18424.31584453953,0,59855.811318274355,14228.390717226526,0,50418.303282133435,BRASIL
2027-01-01,1.198188815995004e-47,0,5393.297455256782,0,0,739.6151326929826,COLOMBIA
2027-02-01,7.616898502477902e-48,0,6427.397963955661,0,0,0,COLOMBIA
2027-03-01,6.288177126696751e-48,0,7059.089921661985,0,0,1844.8501727185285,COLOMBIA
2027-04-01,7.762953107474741e-48,0,7905.847401776648,0,0,0,COLOMBIA
2027-05-01,7.550873758550656e-48,0,8632.866623164122,0,0,0,COLOMBIA
2027-06-01,7.285102442092647e-48,0,9260.812440369938,0,0,0,COLOMBIA
2027-01-01,319.70538019290325,0,1918.2754205350952,0,0,500.3692059104774,ECUADOR
2027-02-01,515.7856014798913,0,2428.275639033455,0,0,559.0237682245706,ECUADOR
2027-03-01,628.4623258172953,0,2649.3760521400736,1769.551773373023,257.790164211802,3281.313382534244,ECUADOR
2027-04-01,734.4173798460761,0,2846.5731342652057,0,0,0,ECUADOR
2027-05-01,834.0517412482127,0,3023.7231833089254,0,0,0,ECUADOR
2027-06-01,927.7424675944528,0,3183.7393941006094,0,0,0,ECUADOR
2027-01-01,1.44519269961499,0,12.323232567929825,0,0,10.189616465155137,GUYANA
2027-02-01,1.44519269961499,0,12.552140676684212,0.04508955792365832,0,12.320783890799802,GUYANA
2027-03-01,1.44519269961499,0,12.776425437229955,0,0,10.995110305325934,GUYANA
2027-04-01,1.44519269961499,0,12.996356162343414,8.94557958513235,0,21.458932002615455,GUYANA
2027-05-01,1.44519269961499,0,13.212176991749793,0,0,10.231102188051834,GUYANA
2027-06-01,1.44519269961499,0,13.424110068059527,0.10920351024025203,0,12.803102709238056,GUYANA
2027-01-01,203.83742178548962,0,1277.2639136681125,1039.0252756942518,259.99379567521646,1818.0567557132872,PARAGUAY
2027-02-01,280.2978469760341,0,1468.2964498110039,276.53844726218995,0,1109.968525905887,PARAGUAY
2027-03-01,364.3939444392252,0,1690.443656018221,530.4409651690148,0,1441.835968944979,PARAGUAY
2027-04-01,416.7254023921256,0,1822.1840875098383,0,0,778.3267290603843,PARAGUAY
2027-05-01,459.21762725887584,0,1932.3076038745023,0,0,747.689900648051,PARAGUAY
2027-06-01,489.3835453816057,0,2015.4197219861817,0,0,694.7587622022628,PARAGUAY
2027-01-01,1.4476334150528302e-83,0,9023.527308719411,1564.1390807936696,0,8696.145054076198,PERU
2027-02-01,1.2014738006996005e-83,0,11726.520678120494,0,0,5254.906129094823,PERU
2027-03-01,1.2433314665343722e-83,0,14056.12343604419,0,0,10231.225722469992,PERU
2027-04-01,1.2362138725547957e-83,0,16029.729083138453,0,0,2023.350661070952,PERU
2027-05-01,1.2374241680418416e-83,0,17788.933223337375,0,0,2328.4097786838465,PERU
2027-06-01,1.2372183660292279e-83,0,19388.663908774655,0,0,2378.8220818709124,PERU
2027-01-01,4.170512954242143,0,24.353368675170493,8.37615533933857,0,31.708426944462374,SURINAME
2027-02-01,4.583765153218751,0,24.865462954099982,7.996069503307507,0,31.32834110843131,SURINAME
2027-03-01,5.310362803854038,0,25.894621358841995,16.204851521185294,0,39.5371231263091,SURINAME
2027-04-01,5.45030098185046,0,26.0456967367641,4.14863422159853,0,27.480905826722335,SURINAME
2027-05-01,5.583622861191086,0,26.189122363577585,3.1940765587320956,0,26.5263481638559,SURINAME
2027-06-01,5.619839992375289,0,26.22608490160737,13.893894146466824,0,37.22616575159063,SURINAME
2027-01-01,316.970554574576,0,2478.511409396471,916.2041695788075,0,3026.8322529594116,URUGUAY
2027-02-01,473.2080982707066,0,2889.4237877345217,0,0,2102.865653247237,URUGUAY
2027-03-01,620.3189348912979,0,3241.713518453449,1766.1611082495183,0,4343.523460312752,URUGUAY
2027-04-01,758.8362063436794,0,3549.5511559556394,629.3419848986051,0,3443.954711494882,URUGUAY
2027-05-01,889.2619107402725,0,3821.9288795892667,0,0,2089.6642199586913,URUGUAY
2027-06-01,1012.0687216815018,0,4065.072910336121,0,0,2057.0171826376363,URUGUAY
2027-01-01,0,0,4428.146410517293,0,0,3740.1292771435133,VENEZUELA
2027-02-01,0,0,6734.911534497984,0,0,6903.109060243187,VENEZUELA
2027-03-01,0,0,7742.84464344871,0,0,8203.199968571711,VENEZUELA
2027-04-01,0,0,8508.38776122845,0,0,8317.784205696591,VENEZUELA
2027-05-01,0,0,9320.413761083284,0,0,8936.23068600013,VENEZUELA
2027-06-01,0,0,9971.240468052405,0,0,9995.663504475919,VENEZUELA
2027-01-01,0,0,13.161926683066783,0,0,15.763971763859367,O. AMERICA DEL SUR
2027-02-01,0,0,13.161926683066783,0,0,15.763971763859363,O. AMERICA DEL SUR
2027-03-01,0,0,13.161926683066783,0,0,15.763971763859363,O. AMERICA DEL SUR
2027-04-01,0,0,13.161926683066783,0.3001791856054383,0,16.0641509494648,O. AMERICA DEL SUR
2027-05-01,0,0,13.161926683066783,0,0,15.763971763859363,O. AMERICA DEL SUR
2027-06-01,0,0,13.161926683066783,0,0,15.763971763859363,O. AMERICA DEL SUR
2027-01-01,0,0,1426.0740124810843,46.55188682893413,0,1730.0795921521901,CARIBE
2027-02-01,0,0,2221.8630551846577,31.6252483581942,0,2666.5125244615965,CARIBE
2027-03-01,0,0,3008.100842250839,358.01891120995447,0,3886.484447588001,CARIBE
2027-04-01,0,0,3551.3208725649765,124.76681021559135,0,4363.639971751665,CARIBE
2027-05-01,0,0,3962.2362867798915,99.83298718653076,0,4903.43289956471,CARIBE
2027-06-01,0,0,4286.540436879555,193.95585453516705,0,5429.753615553907,CARIBE
2027-01-01,1.5364265198036837,0,15.379943640036547,0,0,14.387662249897684,BAHAMAS
2027-02-01,1.5364265198036837,0,15.737972917982379,0,0,13.171772444252241,BAHAMAS
2027-03-01,1.5364265198036837,0,16.08719536344436,9.198663046239623,0,24.881202245362225,BAHAMAS
2027-04-01,1.5364265198036837,0,16.428230567081034,0,0,13.87006637355799,BAHAMAS
2027-05-01,1.5364265198036837,0,16.761628706439762,5.141143998724595,0,21.186529418455176,BAHAMAS
2027-06-01,1.5364265198036837,0,17.08788096835575,0,0,14.512707086271606,BAHAMAS
2027-01-01,2.6864513784236466,0,15.093007762300072,11.528941992526299,0,25.672327272569103,BARBADOS
2027-02-01,3.1127561176493055,0,15.750218862011106,8.153343703865842,0,22.60023667028404,BARBADOS
2027-03-01,3.491358132163602,0,16.30800828004747,18.669524415299918,4.209609701229812,33.12943912937003,BARBADOS
2027-04-01,3.8275952700726146,0,16.78382695595563,4.844607733599243,0,19.305087055027812,BARBADOS
2027-05-01,4.126208083990897,0,17.19147933348917,6.120642213112874,0,20.581146026246426,BARBADOS
2027-06-01,4.3914066673202745,0,17.542042380051925,2.7448100820684083,0,17.20531495763108,BARBADOS
2027-01-01,14.143387690668291,0,165.11647147655793,86.9840482410172,0,248.10652328043687,CUBA
2027-02-01,17.196778957067693,0,179.45255501896324,78.39869034192526,0,251.37410431929365,CUBA
2027-03-01,17.196778957067693,0,182.70546724426774,118.23414876057544,0,293.2789644135555,CUBA
2027-04-01,17.196778957067693,0,185.89566731040307,77.0409891448878,0,252.08580479786792,CUBA
2027-05-01,17.196778957067693,0,189.02664820206445,69.53312335145748,0,244.57793900443758,CUBA
2027-06-01,17.196778957067693,0,192.10159020551293,71.32347740111814,0,246.36829305409825,CUBA
2027-01-01,1.4732024264856167,0,7.43321872832338,5.634084116736091,0,12.475505506729178,DOMINICA
2027-02-01,1.8759774831680223,0,8.160944403179384,3.2308430813038673,0,10.399557443242806,DOMINICA
2027-03-01,1.9723616815597738,0,8.308582801161121,1.944715095405436,0,9.135138220485917,DOMINICA
2027-04-01,2.060904619072311,0,8.440059275452025,4.116528818945771,0,11.426574001632604,DOMINICA
2027-05-01,2.1422442153356345,0,8.55740736124623,0.8132470396944338,0,8.1639012826209,DOMINICA
2027-06-01,2.2169664925284773,0,8.66236104880967,0.8778121870336559,0,8.235257347419587,DOMINICA
2027-01-01,1.396871740354971,0,7.387575587888471,3.2617897368610467,0,9.266674666605542,GRANADA
2027-02-01,1.8278792272480997,0,8.292569071526898,3.9071440674191673,0,10.262846048431049,GRANADA
2027-03-01,1.8739119730778695,0,8.363261614849051,5.262457280559153,0,11.618311115819502,GRANADA
2027-04-01,2.2773851489316694,0,8.948291017226392,3.71270054190207,0,10.139009168235292,GRANADA
2027-05-01,2.528930634734765,0,9.292307089128458,3.6678551745321593,0,10.13670072667759,GRANADA
2027-06-01,2.419440067434165,0,9.186431617003098,2.5627077207007414,0,9.059094286552183,GRANADA
2027-01-01,0,0,1249.2397479732294,0,0,1500.1397511288467,HAITI
2027-02-01,0,0,2066.563612792989,7.837992225762875,0,2501.47894770186,HAITI
2027-03-01,0,0,2861.723956485412,13.618018968032324,0,3383.3901651434508,HAITI
2027-04-01,0,0,3495.9693854426228,0,0,4074.9779750938965,HAITI
2027-05-01,0,0,3938.448966868881,0,0,4626.737223768249,HAITI
2027-06-01,0,0,4265.554706567283,68.96446723598238,0,5128.2297334359655,HAITI
2027-01-01,5.741302059687655,0,29.2359672554236,0,0,18.473645843966075,JAMAICA
2027-02-01,7.479111357219374,0,32.385973602182716,0,0,26.212369139457948,JAMAICA
2027-03-01,8.168611156125015,0,33.41286317765409,0,0,26.551158699275625,JAMAICA
2027-04-01,8.804503136224596,0,34.33221202044477,0,0,22.543590273275655,JAMAICA
2027-05-01,9.390955243965246,0,35.15730359421875,0,0,21.254009291567407,JAMAICA
2027-06-01,9.93181137273666,0,35.89940798182637,0,0,22.942853140034863,JAMAICA
2027-01-01,2.6846148733531225,0,27.88637616811855,4.688618385929509,0,36.612590436264625,PUERTO RICO
2027-02-01,3.0016810299247116,0,28.350483420426965,4.953421029132415,0,36.87739307946753,PUERTO RICO
2027-03-01,0.17729407194742164,0,25.541365182446746,4.354046074630639,0,36.278018124965755,PUERTO RICO
2027-04-01,2.2349473052884763,0,27.80542964722951,0.957335539439852,0,32.88130758977497,PUERTO RICO
2027-05-01,2.7087573536616234,0,29.32870577539535,0.31911184647995067,0,32.243083896815065,PUERTO RICO
2027-06-01,0.8662833647005046,0,27.49525068674077,0.31911184647995067,0,32.243083896815065,PUERTO RICO
2027-01-01,8.595681830252268,0,196.9925367455892,0,0,159.8634725273762,REPUBLICA DOMINICANA
2027-02-01,10.845292257171604,0,225.48783830551795,0,0,86.9315427963225,REPUBLICA DOMINICANA
2027-03-01,11.434046840326722,0,240.66177551587276,76.68394649260529,0,309.6001729642021,REPUBLICA DOMINICANA
2027-04-01,11.588132167740875,0,252.64973520675687,0,0,160.29861617962746,REPUBLICA DOMINICANA
2027-05-01,11.62845845785159,0,263.52047771273857,0,0,151.05890552420112,REPUBLICA DOMINICANA
2027-06-01,11.639012413256589,0,273.8030701180667,0,0,167.10181012979288,REPUBLICA DOMINICANA
2027-01-01,0.08292145998124655,0,5.306785203424406,0.6522319411420199,0,6.486749866871727,SAN VICENTE
2027-02-01,0,0,5.575535827887662,0,0,4.622648893333328,SAN VICENTE
2027-03-01,0.07780781253993774,0,6.153152995009359,0.8185867768959212,0,7.341058030793274,SAN VICENTE
2027-04-01,0,0,6.391434694150017,0,0,5.694644773601184,SAN VICENTE
2027-05-01,0.07325271969009887,0,6.893683284875782,0,0,2.541918016453309,SAN VICENTE
2027-06-01,0.0010452712426225058,0,7.113384042346746,0,0,5.58096782385944,SAN VICENTE
2027-01-01,1.0829044150373022,0,6.272249746594907,4.650871118426505,0,9.888078269867577,SANTA LUCIA
2027-02-01,1.0829044150373022,0,6.32870178827328,3.6406536105580445,0,8.906273397789281,SANTA LUCIA
2027-03-01,1.0829044150373022,0,6.384552761725366,5.0487207881612495,0,10.31464889065312,SANTA LUCIA
2027-04-01,1.0829044150373022,0,6.43982146711409,5.602071162849159,0.3361397056729247,10.868002620025393,SANTA LUCIA
2027-05-01,1.0829044150373022,0,6.494525744520902,3.5306528303850864,0,8.796584324063687,SANTA LUCIA
2027-06-01,1.0829044150373022,0,6.548682541215918,3.0845202333968826,0,8.35045172747266,SANTA LUCIA
2027-01-01,7.829417350507935,0,35.55822614885332,0,0,28.84325359790587,TRINIDAD Y TOBAGO
2027-02-01,9.41308188593014,0,38.09190454112077,0.3166431012033435,0,32.03261433928075,TRINIDAD Y TOBAGO
2027-03-01,10.051715520471838,0,39.01799663237895,10.081999726951945,0,42.07399678154515,TRINIDAD Y TOBAGO
2027-04-01,10.64674911310394,0,39.86028492663614,0,0,27.663583821477857,TRINIDAD Y TOBAGO
2027-05-01,11.20115927443964,0,40.627657075973616,3.134749201583124,0,35.59230953575565,TRINIDAD Y TOBAGO
2027-06-01,11.717719399444743,0,41.32785164224845,0,0,26.051745239248955,TRINIDAD Y TOBAGO
2027-01-01,2.183497974774623,0,25.549592524102096,11.914221660494917,0,36.80404053838596,O. CARIBE
2027-02-01,3.165650530232154,0,31.111110687867505,5.527362762725446,0,33.76594759079475,O. CARIBE
2027-03-01,3.607429571630773,0,33.908567295867584,10.661378969042204,0,40.12145892741812,O. CARIBE
2027-04-01,3.806144853014086,0,35.7422890658304,4.525902124708767,0,35.029581689945566,O. CARIBE
2027-05-01,3.8955283668408973,0,37.173954408536694,0,0,29.31137234558814,O. CARIBE
2027-06-01,3.9357336922110013,0,38.416767742004986,0,0,24.088137596888583,O. CARIBE
2027-01-01,442.84126334984785,0,2974.492670776972,71.72275294868814,0,2158.004593255455,ASIA
2027-02-01,1158.1342450707293,0,4689.324481459324,0,0,2255.0006765899307,ASIA
2027-03-01,2053.967663632615,0,6436.967707661015,1773.3325813401261,0,5048.409261569139,ASIA
2027-04-01,2949.702782286643,0,8084.185737268445,0,0,196.46751268781736,ASIA
2027-05-01,3681.447849097187,0,9277.857344987884,0,0,1014.5846222273653,ASIA
2027-06-01,4191.94860811703,0,10007.227932827935,0,0,1835.3264174449273,ASIA
2027-01-01,3.7976899351689934,0,26.223390887620408,14.645721550326822,0,37.841986189894726,AFGANISTAN
2027-02-01,4.6593454859452494,0,28.018238128185246,11.199159861716993,0,34.90484462912661,AFGANISTAN
2027-03-01,5.578237795527866,0,30.022511411973078,7.869138195335025,0,32.37762715147264,AFGANISTAN
2027-04-01,5.950854636237972,0,30.775274400314814,8.157356975349256,0,32.94646171063024,AFGANISTAN
2027-05-01,6.210429945144898,0,31.32435986972456,6.090855273381017,0,30.879960008662003,AFGANISTAN
2027-06-01,6.340301652466447,0,31.649198377866952,4.047517661555652,0,28.836622396836635,AFGANISTAN
2027-01-01,1.2600121176573853,0,7.081914292567719,0.6672862135002191,0,7.461924132255851,BANGLADESH
2027-02-01,1.6039846107832225,0,7.651354769360054,0,0,6.414441636625344,BANGLADESH
2027-03-01,1.808691656570228,0,8.05781750037059,0.43196814987398824,0,7.4566792480046455,BANGLADESH
2027-04-01,2.1803505696717838,0,8.599888301090674,0,0,6.193702310944157,BANGLADESH
2027-05-01,2.545277724879284,0,9.165299691937157,0,0,6.789759768729751,BANGLADESH
2027-06-01,2.5035662526058555,0,9.12641257652449,1.776273418252638,0,8.998635354633196,BANGLADESH
2027-01-01,0.08785518619380198,0,1.8149731770796402,0.3257562962074796,0,2.166627449854219,BHUTAN
2027-02-01,0.08785518619380198,0,1.8441063774555522,0,0,1.5919704058709998,BHUTAN
2027-03-01,0.08785518619380198,0,1.8727641304189964,0.9814059958441705,0,2.877018850846742,BHUTAN
2027-04-01,0.08785518619380198,0,1.900968980620914,0,0,1.8392335615075124,BHUTAN
2027-05-01,0.08785518619380198,0,1.9287417454115774,1.4146215295170126,0,3.3143777454078314,BHUTAN
2027-06-01,0.08785518619380198,0,1.9561016946276977,0,0,1.88642465978249,BHUTAN
2027-01-01,0.4388985990807465,0,4.396585302093249,0.37509886538109155,0,5.138546536851271,BRUNEI
2027-02-01,0.5085813061714481,0,4.5242262978874646,0,0,4.716273653417903,BRUNEI
2027-03-01,0.5647353166678128,0,4.617574486266262,1.3277183717156769,0,6.17898207750595,BRUNEI
2027-04-01,0.6099871879925223,0,4.686798484622143,0.05165104311017924,0,4.92325458502734,BRUNEI
2027-05-01,0.6464535390204801,0,4.73875710256858,0,0,4.6918751043708635,BRUNEI
2027-06-01,0.6758400531770363,0,4.778172944183942,0,0,4.740994119904531,BRUNEI
2027-01-01,0.275496972202671,0,3.3149094241852746,0.8441619975666312,0,4.490453726163961,CAMBOYA
2027-02-01,0.3271851859560271,0,3.437096110033126,0.4697588281604975,0,4.132357633305723,CAMBOYA
2027-03-01,0.37477259234322824,0,3.543211364685772,0.30757939252392114,0,4.07122490658751,CAMBOYA
2027-04-01,0.4185845386694562,0,3.635799037759637,0.7288080825375794,0,4.6249529189348255,CAMBOYA
2027-05-01,0.4589205600376755,0,3.716906577351624,1.5776657391536983,0,5.4916782310657615,CAMBOYA
2027-06-01,0.4960564272210844,0,3.788205825957664,0.6334432255131444,0,4.575190870642507,CAMBOYA
2027-01-01,0,0,1225.595427768828,0,0,22.823281951121544,CHINA
2027-02-01,0,0,1733.2536759331315,0,0,258.11879936175956,CHINA
2027-03-01,0,0,2122.793550419722,496.4338712661347,0,2293.974169522324,CHINA
2027-04-01,0,0,2451.190855537656,0,0,0,CHINA
2027-05-01,0,0,2740.5146894040327,0,0,0,CHINA
2027-06-01,0,0,3002.083429121705,0,0,0,CHINA
2027-01-01,0,0,30.004411837137713,0,0,28.42538182033012,COREA DEL NORTE
2027-02-01,0,0,35.80967774122942,0,0,30.429782491942863,COREA DEL NORTE
2027-03-01,0,0,38.19207697287917,0.6889031544180939,0,31.34422184640988,COREA DEL NORTE
2027-04-01,0,0,39.31756967385898,0.24732206647751873,0,31.461284567604825,COREA DEL NORTE
2027-05-01,0,0,39.90240366494125,0.3088423160972169,0,32.07162471839917,COREA DEL NORTE
2027-06-01,0,0,40.23166853179009,0,0,32.1326034063695,COREA DEL NORTE
2027-01-01,569.5036766613257,0,1508.6055134641274,1219.9760333407758,515.1239063129117,1924.8281603686398,COREA DEL SUR
2027-02-01,755.9052391575168,0,1915.0487720380943,350.47997443256054,0,1160.6079440267258,COREA DEL SUR
2027-03-01,719.8693110589129,0,2141.7677815031466,527.0476433938666,0,1496.109562742888,COREA DEL SUR
2027-04-01,600.3335141365995,0,2149.3350178938626,0,0,0,COREA DEL SUR
2027-05-01,613.6283062877901,0,2191.624084656536,0,0,0,COREA DEL SUR
2027-06-01,776.6584472880814,0,2356.3907605964528,0,0,0,COREA DEL SUR
2027-01-01,4.915091305746224,0,55.39189361834636,14.100252481175758,0,64.5968663236645,FILIPINAS
2027-02-01,0,0,58.385290332820944,47.614390121942904,0,102.30943894843807,FILIPINAS
2027-03-01,0,0,58.15031237057657,27.024617784301682,0,84.33141997031909,FILIPINAS
2027-04-01,0,0,51.177975538233966,13.817947609559582,0,72.79100480753462,FILIPINAS
2027-05-01,0,0,43.67042821041585,0,0,56.008871290218806,FILIPINAS
2027-06-01,0,0,38.53940768138978,8.015525429719872,0,68.77039499880952,FILIPINAS
2027-01-01,54.18458237661608,0,296.497852840688,0,0,0,INDIA
2027-02-01,95.16969650275672,0,380.44343994859815,0,0,0,INDIA
2027-03-01,127.60894260213342,0,434.3707301768257,0,0,249.06288041232784,INDIA
2027-04-01,169.51216344954287,0,510.00296033745144,0,0,0,INDIA
2027-05-01,198.62515854296777,0,554.2540912843233,0,0,0,INDIA
2027-06-01,218.85192073855643,0,581.5620366539745,0,0,13.94126761095049,INDIA
2027-01-01,15.014011620530226,0,80.77853969972836,25.818077600696725,0,90.63869301005863,INDONESIA
2027-02-01,19.849833705405096,0,89.21500225941062,17.434356166464596,0,84.0937899671537,INDONESIA
2027-03-01,24.09653288155966,0,96.11564570788994,69.41472327003123,1.2975615806390834,137.5318849594234,INDONESIA
2027-04-01,27.825878911298577,0,101.82671543099669,30.313260159492813,0,99.59242563780455,INDONESIA
2027-05-01,31.100898222208016,0,106.59450377002507,22.21956758876103,0,92.42884532847376,INDONESIA
2027-06-01,33.9769390618886,0,110.60189678112232,13.100937135080507,0,84.05706771189972,INDONESIA
2027-01-01,148.3285793191601,0,657.0597991847147,134.88644618428248,0,552.2614954033475,JAPON
2027-02-01,148.83530779136382,0,816.9309342273086,480.782493970481,0,984.8800385373411,JAPON
2027-03-01,17.23919803589004,0,758.8137985455736,451.0681946349662,0,1016.6407070923225,JAPON
2027-04-01,0,0,606.3484881624902,0,0,452.07381607569414,JAPON
2027-05-01,0,0,415.1787817254545,0,0,440.428745926828,JAPON
2027-06-01,0,0,247.39119232678092,0,0,423.1266174320289,JAPON
2027-01-01,2.7477251884299525,0,14.867992176315248,10.001469911865362,0,22.454440859616454,KASAJSTAN
2027-02-01,3.1268302984337906,0,15.405648314896773,6.895661259686579,0,19.452713018621573,KASAJSTAN
2027-03-01,3.4437288003400925,0,15.832129898065903,7.4642400117555265,0,20.02303248846727,KASAJSTAN
2027-04-01,3.7086280535035274,0,16.17302842535072,3.89812756095,0,16.456949271722962,KASAJSTAN
2027-05-01,3.9300605118598417,0,16.44729142935157,4.360563970515557,0,16.919386172286863,KASAJSTAN
2027-06-01,4.11515855584515,0,16.669172806611545,3.8280544451455873,0,16.386876655163423,KASAJSTAN
2027-01-01,0.4861644907467717,0,2.6746593432740635,2.190364122180175,0,4.726103391962651,KIRGUIZTAN
2027-02-01,0.5310533619658611,0,2.727543509725507,0.677871374342714,0,3.2136106441251906,KIRGUIZTAN
2027-03-01,0.5739388187613915,0,2.785201609157464,0.32212862565728595,0,2.857867895439762,KIRGUIZTAN
2027-04-01,0.6040509372682558,0,2.8195033850797957,0.2894118321742964,0,2.8251511019567728,KIRGUIZTAN
2027-05-01,0.5610104108452745,0,2.789493078208393,0.7769190843368353,0,3.3126583541193115,KIRGUIZTAN
2027-06-01,0.5538759854456783,0,2.78241414955846,0.2894118321742964,0,2.8251511019567728,KIRGUIZTAN
2027-01-01,0.4692982456136577,0,3.7157149544863572,4.3267943908669606e-19,0,3.710711586790042,LAOS
2027-02-01,0.4692982456136577,0,3.7157149544863572,4.3267943908669606e-19,0,3.710711586790042,LAOS
2027-03-01,0.4692982456136577,0,3.7157149544863572,1.2048404647560664,0,4.915552051546109,LAOS
2027-04-01,0.4692982456136577,0,3.7157149544863572,0.34149603151740093,0,4.052207618307444,LAOS
2027-05-01,0.4692982456136577,0,3.7157149544863572,4.3267943908669587e-19,0,3.710711586790042,LAOS
2027-06-01,0.4692982456136577,0,3.7157149544863572,0.34149603151740093,0,4.052207618307444,LAOS
2027-01-01,27.20094708447779,0,118.9640015260278,71.7541272059006,0,161.57163869163907,MALASIA
2027-02-01,16.63817166029432,0,121.49236852895324,93.45450642410484,0,187.89007542992294,MALASIA
2027-03-01,48.69029574984438,0,168.56144306724696,179.64791822221122,78.86218374337768,280.43365270104476,MALASIA
2027-04-01,51.465971949672536,0,175.1680730533298,128.19444031234775,27.408705833514205,228.9801747911813,MALASIA
2027-05-01,47.769818072344385,0,172.688223688361,117.81712277338954,17.03138829455598,218.6028572522231,MALASIA
2027-06-01,56.18834524005392,0,181.7381985203005,84.24525519432177,0,185.03098967315532,MALASIA
2027-01-01,0.1591020785074388,0,1.4497657970619644,0,0,1.5107046964095878,MALDIVAS
2027-02-01,0.1796522616703511,0,1.4810376558848108,0.01681402413060901,0,1.5488122645998257,MALDIVAS
2027-03-01,0.1796522616703511,0,1.4810376558848108,0,0,1.5191046162083455,MALDIVAS
2027-04-01,0.1796522616703511,0,1.4810376558848108,0.014375847439626312,0,1.5512928400303223,MALDIVAS
2027-05-01,0.1796522616703511,0,1.4810376558848108,0,0,1.5255583084417563,MALDIVAS
2027-06-01,0.1796522616703511,0,1.4810376558848108,0.012291227132901981,0,1.5527939422294594,MALDIVAS
2027-01-01,0.4253281604484496,0,3.360797562513993,1.1513893895309262,0,4.512713495590015,MAYNMAR
2027-02-01,0.4253281604484496,0,3.3731854568849786,0.848610610469074,0,4.209934716528163,MAYNMAR
2027-03-01,0.4253281604484496,0,3.3855215105263,0.8977029250763279,0,4.259027031135417,MAYNMAR
2027-04-01,0.4253281604484496,0,3.397806368869189,1.4042730137552244,0,4.765597119814313,MAYNMAR
2027-05-01,0.4253281604484496,0,3.4100406640620244,0,0,3.361324106059089,MAYNMAR
2027-06-01,0.4253281604484496,0,3.422225015349909,0.49754235703026795,0,3.858866463089357,MAYNMAR
2027-01-01,5.924853366947872,0,16.724516828236496,9.492380122375305,0,20.6261139395804,MONGOLIA
2027-02-01,5.406053647188591,0,17.79352690470892,5.779032492734132,0,18.27295634170695,MONGOLIA
2027-03-01,8.477254381744562,0,21.444959464369852,10.50539286591805,0,23.328462043958176,MONGOLIA
2027-04-01,5.98085750501767,0,18.973307103462183,6.366942200199372,0,19.273983999912247,MONGOLIA
2027-05-01,8.418501800960557,0,21.48699370489475,4.361950578382354,0,17.290676280715253,MONGOLIA
2027-06-01,6.038227346630286,0,19.132154458911323,3.238435424507596,0,16.17277750831292,MONGOLIA
2027-01-01,1.718954126415432,0,8.906751240722862,3.0488623363200738,0,10.175050574704999,NEPAL
2027-02-01,2.1310658324290985,0,9.520950688238472,0.4825012150960193,0,7.7565666698026074,NEPAL
2027-03-01,2.7435706580718593,0,10.56405506922577,6.21894437917725,0,13.81243460112573,NEPAL
2027-04-01,3.112781003207095,0,11.083965671505311,3.420407209508879,0,11.059275301083987,NEPAL
2027-05-01,3.335336439912153,0,11.360577588538362,2.465348331522455,0,10.140493792989496,NEPAL
2027-06-01,3.469490108842628,0,11.514282871773078,2.0449025936545318,0,9.729059824812198,NEPAL
2027-01-01,1.5474906928790324,0,21.68339103454182,4.4771763660206005,0,27.40492442242592,PAKISTAN
2027-02-01,1.5474906928790324,0,22.081782147411786,0,0,21.443886973242165,PAKISTAN
2027-03-01,1.5474906928790324,0,22.47258970124738,2.415827502958942,0,25.544194004196427,PAKISTAN
2027-04-01,1.5474906928790324,0,22.856230953165166,0,0,23.042799831060584,PAKISTAN
2027-05-01,1.5474906928790324,0,23.23308624501134,0,0,19.920035837542166,PAKISTAN
2027-06-01,1.5474906928790324,0,23.60350342004669,0,0,21.180010703562353,PAKISTAN
2027-01-01,33.12975220540464,0,188.49403951652516,0,0,86.26975230764964,SINGAPUR
2027-02-01,50.4002253853448,0,226.50187924813662,0,0,88.3510914990361,SINGAPUR
2027-03-01,64.08113396828189,0,252.52215240999396,24.819217817571143,0,180.15622143004882,SINGAPUR
2027-04-01,74.91854749509126,0,271.08836241749947,0,0,123.8437416442392,SINGAPUR
2027-05-01,83.50346941303715,0,284.6752812579374,0,0,115.53108838058873,SINGAPUR
2027-06-01,90.30406663624987,0,294.79733314324415,0,0,114.22313546723478,SINGAPUR
2027-01-01,2.331986330832445,0,10.056351526436897,4.422536603237975,0,11.793810086724323,SRI LANKA
2027-02-01,2.720500952688359,0,10.551332609936155,3.3063598618829877,0,10.717702096439115,SRI LANKA
2027-03-01,3.2340195397837883,0,11.247456645114564,6.229887240227777,0,13.694168948430004,SRI LANKA
2027-04-01,3.39434268570882,0,11.425356646649961,2.666568062235008,0,10.151975222717622,SRI LANKA
2027-05-01,3.519879638880347,0,11.561651452867121,1.9357988378523479,0,9.455538500622808,SRI LANKA
2027-06-01,3.571648614352665,0,11.615248451258932,2.138041931843336,0,9.668802418090717,SRI LANKA
2027-01-01,0.004132016661441673,0,0.5700559647497789,0,0,0.5567354404314683,TADJIKISTAN
2027-02-01,0.004132016661441673,0,0.5701593394479664,0,0,0.5446312655041656,TADJIKISTAN
2027-03-01,0.004132016661441673,0,0.5702626952700738,0,0,0.5456836237703593,TADJIKISTAN
2027-04-01,0.004132016661441673,0,0.5703660322264376,0,0,0.5456836237675903,TADJIKISTAN
2027-05-01,0.004132016661441673,0,0.5704693503273847,0,0,0.557787798689355,TADJIKISTAN
2027-06-01,0.004132016661441673,0,0.5705726495832327,0,0,0.5813045690804817,TADJIKISTAN
2027-01-01,14.853898327259433,0,110.21417899435558,11.564959236727091,0,94.39008638026249,TAILANDIA
2027-02-01,18.026340458021807,0,121.14647585745955,8.40625307120689,0,92.82633019207556,TAILANDIA
2027-03-01,18.026340458021807,0,123.66092590969119,73.77889197094956,0,159.68001772437515,TAILANDIA
2027-04-01,18.026340458021807,0,126.11689953833051,105.37983647611804,18.101256395570104,192.658416556666,TAILANDIA
2027-05-01,18.026340458021807,0,128.51829618802677,0,0,78.67743423385875,TAILANDIA
2027-06-01,18.026340458021807,0,130.868600271396,0,0,72.15926502455233,TAILANDIA
2027-01-01,31.20025720073658,0,209.10172385115894,9.620458057590099,0,177.25412298868707,TAIWAN
2027-02-01,51.15792694800499,0,275.42247719094667,166.48251669390174,0,355.58842123968464,TAIWAN
2027-03-01,63.92412240525364,0,313.7561596832066,136.40429436301417,0,340.6555103609863,TAIWAN
2027-04-01,72.09019332017007,0,338.73240343868144,0,0,131.46746830545786,TAIWAN
2027-05-01,77.31373187641084,0,356.38411389039027,0,0,36.42928281153118,TAIWAN
2027-06-01,80.65503950560293,0,369.7399917051246,0,0,49.57900092300241,TAIWAN
2027-01-01,0.22368421052631732,0,1.9670109165460243,0.7377221811021175,0,2.8089682827003184,TURKMENISTAN
2027-02-01,0.22368421052631732,0,1.9670109165460243,0,0,2.071246101598201,TURKMENISTAN
2027-03-01,0.22368421052631732,0,1.9670109165460243,0.424066568788103,0,2.495312670386304,TURKMENISTAN
2027-04-01,0.22368421052631732,0,1.9670109165460243,0.3136556123140146,0,2.3849017139122157,TURKMENISTAN
2027-05-01,0.22368421052631732,0,1.9670109165460243,0.3136556123140146,0,2.3849017139122157,TURKMENISTAN
2027-06-01,0.22368421052631732,0,1.9670109165460243,0,0,2.071246101598201,TURKMENISTAN
2027-01-01,0.059480303980346476,0,5.04994257741682,1.8255084921143756,0,7.374631525782103,UZBEKISTAN
2027-02-01,0.7608711116473013,0,5.794435990899908,1.6443723843727636,0,7.193495418040491,UZBEKISTAN
2027-03-01,0.010654897082403969,0,5.044221023165489,4.022324059792947,0,9.571447093460673,UZBEKISTAN
2027-04-01,0.5422843009566202,0,6.042501432727546,2.7319021438022255,0,8.281025177469953,UZBEKISTAN
2027-05-01,0.2551800427518429,0,5.757370160907096,2.4606277510231793,0,8.009750784690906,UZBEKISTAN
2027-06-01,0.36545671726076745,0,6.072534397070468,5.629273294070602,0.08015026040287498,11.17839632773833,UZBEKISTAN
2027-01-01,19.628978881697854,0,133.14739762753035,39.45832431452751,0,155.62833313295965,VIETNAM
2027-02-01,32.24082069589402,0,168.5230241597267,59.62662917425112,0,197.10148422675007,VIETNAM
2027-03-01,40.34407226618399,0,185.82910546576986,162.73566724642478,17.602357789406028,307.86897670344354,VIETNAM
2027-04-01,45.55050341072115,0,195.23078414730037,133.1575041088721,0,281.2471172045755,VIETNAM
2027-05-01,48.89569453895814,0,200.66274824760268,77.07764429022659,0,226.33488201587517,VIETNAM
2027-06-01,51.04501782275435,0,203.9459049740092,62.24357893004692,0,211.96590500427175,VIETNAM
2027-01-01,0,0,84.12912818539998,6.779739551472147,0,70.9216983209132,O. ASIA
2027-02-01,0,0,118.97655407041725,57.572598003513264,0,133.11646149990247,O. ASIA
2027-03-01,0,0,145.71592441358763,62.77162984004407,0,142.72526265597043,O. ASIA
2027-04-01,0,0,168.25825637079996,4.0398486122803945,0,86.08689314336335,O. ASIA
2027-05-01,0,0,188.1184495103479,0,0,80.98970403068165,O. ASIA
2027-06-01,0,0,206.07343655942842,0,0,80.3784999753931,O. ASIA
2027-01-01,7034.167355563241,0,22430.499310505405,4525.122066559692,0,15246.869631216085,EUROPA
2027-02-01,15426.309408035228,0,39394.09162010405,111.32208614565025,0,14841.14259715159,EUROPA
2027-03-01,23928.07720806154,0,54271.68857208239,2133.7567701174194,0,19669.227804034417,EUROPA
2027-04-01,30763.86412585785,0,64595.797805763264,0,0,0,EUROPA
2027-05-01,35297.92754996854,40.47495000899653,70555.38014992808,0,0,0,EUROPA
2027-06-01,37420.204239137856,1858.06058730121,72982.3478909745,0,0,0,EUROPA
2027-01-01,1.2409400280829126,0,12.00901687863199,8.33427100106483,0,20.275315954831463,ALBANIA
2027-02-01,1.2409400280829126,0,12.291381122942179,0.18179822553856795,0,12.279317813240768,ALBANIA
2027-03-01,1.2409400280829126,0,12.566707892672847,3.7573030180106812,0,15.997648496075362,ALBANIA
2027-04-01,1.2409400280829126,0,12.835498538617134,0,0,11.244499985245698,ALBANIA
2027-05-01,1.2409400280829126,0,13.098197568755003,0,0,10.581720060332778,ALBANIA
2027-06-01,1.2409400280829126,0,13.355201281558038,0,0,9.633972218693923,ALBANIA
2027-01-01,1125.5174986494803,0,3824.8484090310158,993.9824705242045,0,2975.097926162923,ALEMANIA
2027-02-01,3209.853832357663,0,7353.730423039189,1039.8946420941438,0,3707.517479233472,ALEMANIA
2027-03-01,5420.5645473496115,3.34989289898931,10837.779201800233,1680.2959587987089,0,4796.581184847208,ALEMANIA
2027-04-01,5582.170749458763,0,11878.090971446058,0,0,0,ALEMANIA
2027-05-01,4979.172819331166,0,11853.997454385471,0,0,0,ALEMANIA
2027-06-01,4770.304298536448,0,11731.316950545444,0,0,0,ALEMANIA
2027-01-01,3.9447794998168018,0,18.788298556211195,2.1328826907152054,0,16.581878863511694,ANDORRA
2027-02-01,5.632970557291392,0,21.778840675807558,2.9884745624469886,0,18.302631878433782,ANDORRA
2027-03-01,6.853731488041078,0,23.640418110521313,8.358254341249317,0,24.14022352227582,ANDORRA
2027-04-01,7.736485394032117,0,24.848702405487728,4.93694008384769,0,20.977164253733193,ANDORRA
2027-05-01,8.374820418453227,0,25.654815475820136,3.701714145167769,0,19.88601468384745,ANDORRA
2027-06-01,8.836411809482241,0,26.203492539041072,5.266805464559814,0,21.53193551398018,ANDORRA
2027-01-01,1.3825120261004114,0,8.518352076448892,2.555862550051104,0,10.653688109629497,ARMENIA
2027-02-01,1.2473654569015786,0,8.391181721826719,0.11460090470122286,0,8.282085193862711,ARMENIA
2027-03-01,1.5049656891728125,0,8.831685329125875,5.073549990731176,0,13.521368412807497,ARMENIA
2027-04-01,1.5382380662521173,0,8.882542006652312,1.5339922784230284,0,10.025103187816919,ARMENIA
2027-05-01,1.56939373303299,0,8.929081228538822,1.4313752817012821,0,9.925894698332607,ARMENIA
2027-06-01,1.5985673496413602,0,8.971716920238906,1.167096494614403,0,9.679815517282318,ARMENIA
2027-01-01,97.11668665209228,0,401.36909096597367,188.71088752381115,0,390.21969408994863,AUSTRIA
2027-02-01,114.17057892509274,0,540.3162009969692,218.00605421050193,0,482.57736974594474,AUSTRIA
2027-03-01,49.00692724321458,0,549.5477501077977,202.90248321231275,0,505.0192143371076,AUSTRIA
2027-04-01,0,0,462.1219214734367,0,0,88.92993292199185,AUSTRIA
2027-05-01,0,0,324.2438450504474,0,0,154.3769729465577,AUSTRIA
2027-06-01,0,0,187.39082976916313,0,0,200.55849028146943,AUSTRIA
2027-01-01,1.2587719298248254,0,5.934200736570595,2.032894608604841,0,6.785442357528651,AZERBAIJAN
2027-02-01,1.2587719298248254,0,5.934200736570595,1.35609650801266,0,6.10864425693647,AZERBAIJAN
2027-03-01,1.2587719298248254,0,5.934200736570595,1.989381865743237,0,6.741929614667047,AZERBAIJAN
2027-04-01,1.2587719298248254,0,5.934200736570595,1.2171209029609584,0,5.969668651884769,AZERBAIJAN
2027-05-01,1.2587719298248254,0,5.934200736570595,1.5726366696155623,0,6.325184418539372,AZERBAIJAN
2027-06-01,1.2587719298248254,0,5.934200736570595,1.1086269742544996,0,5.861174723178309,AZERBAIJAN
2027-01-01,147.81484908977313,0,609.6492678614945,72.36081744163039,0,364.41500911078424,BELGICA
2027-02-01,357.01233224078015,0,1131.3489032009597,142.20174025489496,0,532.5199778794772,BELGICA
2027-03-01,549.4080511361551,0,1479.8940643698363,102.53464369139806,0,555.3787641295299,BELGICA
2027-04-01,644.9899796538903,0,1610.135820546977,0,0,0,BELGICA
2027-05-01,692.4749502739359,0,1665.9852985809575,0,0,0,BELGICA
2027-06-01,716.0654183650689,0,1691.629166807128,0,0,75.28096742721414,BELGICA
2027-01-01,1.877228068205476,0,16.003390176483677,10.113221080785511,0,25.91609991029763,BIELORRUSIA
2027-02-01,3.052687402211041,0,19.719678027696087,24.40154215039604,6.531203079953922,42.271881220838154,BIELORRUSIA
2027-03-01,3.7887219146406563,0,21.35190552701174,4.472365660652226,0,23.139116813386035,BIELORRUSIA
2027-04-01,4.2496028552355245,0,22.151931572086347,0,0,17.057541582061404,BIELORRUSIA
2027-05-01,4.538191552934563,0,22.571753710152457,0,0,18.39223068600509,BIELORRUSIA
2027-06-01,4.718896435918294,0,22.803653474144298,0,0,17.684821833569686,BIELORRUSIA
2027-01-01,1.9745893209681067,0,10.5511514414304,7.070768295978061,0,15.377228539831313,BOSNIA-HERZEGOVINA
2027-02-01,2.615357854994973,0,11.634043488998003,6.934597537526775,0,15.638228404096923,BOSNIA-HERZEGOVINA
2027-03-01,3.088211434888164,0,12.338780215125748,6.552336087666781,0,15.293905842991368,BOSNIA-HERZEGOVINA
2027-04-01,3.4371525831256817,0,12.811585249595275,4.90715195961601,0,13.652429596652503,BOSNIA-HERZEGOVINA
2027-05-01,3.694652854056952,0,13.135854258536884,4.247987509598704,0,12.993628309620195,BOSNIA-HERZEGOVINA
2027-06-01,3.884674552170193,0,13.362038156611083,3.028871455018705,0,11.774547831837655,BOSNIA-HERZEGOVINA
2027-01-01,53.522182129426156,0.14222997120194947,106.90213428765037,90.81481410440347,42.40353226672621,139.22609594208072,BULGARIA
2027-02-01,62.86048993199002,4.435011779225,121.28596808475504,91.97661330836966,39.763930383307915,144.1892962334314,BULGARIA
2027-03-01,66.12980281750671,1.6075408162006966,130.65206481881273,91.91132403831479,36.11495926699954,147.70768880963004,BULGARIA
2027-04-01,46.943288733499614,0,112.9667724947657,44.19012975394912,0,103.16161251870909,BULGARIA
2027-05-01,19.34600854587383,0,85.90951873691824,23.572920607217398,0,82.96427903272496,BULGARIA
2027-06-01,0,0,54.59496609815089,17.41497190220401,0,76.81327365319399,BULGARIA
2027-01-01,3.45594307738371,0,16.2657916694153,5.083852667659762,0,16.48650099799231,CHIPRE
2027-02-01,5.294796916026019,0,19.901090951480732,1.0616573672580927,0,13.14105233644775,CHIPRE
2027-03-01,6.673212660027497,0,22.252245741038983,8.04770510090173,0,20.657290095734087,CHIPRE
2027-04-01,7.706481277349472,0,23.84692319191786,0,0,9.337536333270862,CHIPRE
2027-05-01,8.48102556138612,0,24.959636409795742,0,0,8.205728365654654,CHIPRE
2027-06-01,9.061628550654016,0,25.75157936370986,0,0,7.365326400535764,CHIPRE
2027-01-01,0.22601760833814172,0,2.7679701961884797,0.13806202980536234,0,3.1464211130844464,CIUDAD DEL VATICANO
2027-02-01,0.22727478283455005,0,2.770253011112845,0.0016440164909046332,0,3.0117082069822736,CIUDAD DEL VATICANO
2027-03-01,0.29427190000797626,0,2.9611626522568755,0.928877853580907,0,4.0783101391756205,CIUDAD DEL VATICANO
2027-04-01,0.3096769389058738,0,2.9857127496538727,0,0,3.1576903162378134,CIUDAD DEL VATICANO
2027-05-01,0.32314834210123905,0,3.0061564910382343,0.29530949418940233,0,3.4690257269886198,CIUDAD DEL VATICANO
2027-06-01,0.3349288189474784,0,3.023256623502597,0.28424673146092877,0,3.4811356332824848,CIUDAD DEL VATICANO
2027-01-01,13.206152849734757,0,68.30828196741025,97.59315044863553,44.61892411819709,150.56737677907395,CROACIA
2027-02-01,32.1269414623214,0,97.38242907675773,70.45375819469245,14.230051514143106,126.67746487524181,CROACIA
2027-03-01,40.297155506019394,0,118.44696891834205,95.97052409945249,34.8409662793033,157.10008191960168,CROACIA
2027-04-01,56.15534305793254,0,138.01982820877004,22.501826865237522,0,85.369883575531,CROACIA
2027-05-01,56.06626277184736,0,139.31919371685962,0,0,59.34545289120731,CROACIA
2027-06-01,63.880734760162944,0,147.47385404120453,7.468764906341742,0,72.3675864161669,CROACIA
2027-01-01,0,0,284.536648656052,292.16474467609487,108.21041897850455,476.1190703736852,DINAMARCA
2027-02-01,0,0,470.0713860272774,362.21095016160444,133.83948155567148,590.5824187675374,DINAMARCA
2027-03-01,0,0,618.7911766524836,369.3064111054479,120.17581448562794,618.4370077252679,DINAMARCA
2027-04-01,0,0,743.0186115959608,60.905421684767134,0,320.5805053931576,DINAMARCA
2027-05-01,0,0,850.6256411143981,5.715829710683778,0,270.9232389834482,DINAMARCA
2027-06-01,0,0,946.4582814905722,5.202086449640916,0,273.35621209998374,DINAMARCA
2027-01-01,0,0,3.943390082224642,0.006491693672077691,0,4.2964183854948566,ESCOCIA
2027-02-01,0,0,3.914162287503655,0.00670934452571863,0,4.3420319658225575,ESCOCIA
2027-03-01,0,0,3.890450995983165,0,0,4.352423394222393,ESCOCIA
2027-04-01,0,0,3.93546641278759,0.007892231288685776,0,4.365262229450963,ESCOCIA
2027-05-01,0,0,3.943305238258409,0,0,4.358410202506646,ESCOCIA
2027-06-01,0,0,3.974869314036458,0.005687381733597304,0,4.3823410341873545,ESCOCIA
2027-01-01,44.998690770794255,0,137.5900020590354,49.25198334869859,0,119.00627946558953,ESLOVAQUIA
2027-02-01,38.85143338393782,0,139.52167113204592,77.97445581672832,0.6445846330187379,155.30432700043792,ESLOVAQUIA
2027-03-01,33.040046877713046,0,144.56966526977052,90.3059465594737,7.990624177243802,172.6212689417036,ESLOVAQUIA
2027-04-01,28.843205029808175,0,148.266611530021,0,0,46.41124098826388,ESLOVAQUIA
2027-05-01,35.181922417948805,0,160.37938127758184,0,0,65.7731471891961,ESLOVAQUIA
2027-06-01,51.59852119656183,0,179.39573246408406,0,0,71.94750367126576,ESLOVAQUIA
2027-01-01,17.63079133539143,0,77.37908571584111,49.99445315599006,0,102.72389829257935,ESLOVENIA
2027-02-01,33.00594710687308,0,104.98847016221984,78.14709210355885,19.278059484501007,137.0161247226167,ESLOVENIA
2027-03-01,42.87118790846072,0,121.19106622029341,54.27947124934187,0,116.51802798783237,ESLOVENIA
2027-04-01,52.90489353561642,0,139.02979531259342,0,0,62.28988542821595,ESLOVENIA
2027-05-01,57.90235179415011,0,145.85629669336765,0,0,53.24803633040187,ESLOVENIA
2027-06-01,60.391421134414,0,148.7932401114444,0,0,65.80496060302208,ESLOVENIA
2027-01-01,792.2790421495638,0,3621.233604584985,0,0,518.5429116494652,ESPAÑA
2027-02-01,1457.421772610674,0,5151.144008659217,0,0,0,ESPAÑA
2027-03-01,2015.8296419958433,0,6213.346433628391,0,0,1262.8660226920438,ESPAÑA
2027-04-01,2484.630298322818,0,7003.609428062563,0,0,0,ESPAÑA
2027-05-01,2878.2029311988244,0,7610.651944209644,0,0,0,ESPAÑA
2027-06-01,3208.6193144918416,0,8085.914468353598,0,0,0,ESPAÑA
2027-01-01,10.172639894540993,0,46.26958939509665,28.868583432480968,0,60.35200401291529,ESTONIA
2027-02-01,13.93345959323736,0,53.955088797582384,19.0721825439972,0,52.7636756502956,ESTONIA
2027-03-01,20.741064744845048,0,65.80823008405395,21.327629714687127,0,57.06456804174041,ESTONIA
2027-04-01,28.10748509134848,0,76.57345961643085,4.317198023557894,0,40.80027540829352,ESTONIA
2027-05-01,33.92515758298841,0,83.56779121026953,7.816180868767323,0,44.72324519133656,ESTONIA
2027-06-01,36.954546043564854,0,86.64913430397682,13.152516045936261,0,50.25867517842684,ESTONIA
2027-01-01,128.5213994390151,0,523.06219429594,435.53051773386005,137.4023024997495,733.6587329679705,FEDERACION RUSA
2027-02-01,242.5661254976795,0,770.0433318597226,267.6999641536688,0,657.4858714084053,FEDERACION RUSA
2027-03-01,365.9751244888953,0,1015.4032473593822,425.62967057331025,0,869.1167289014726,FEDERACION RUSA
2027-04-01,450.56988488582334,0,1149.9962533738912,0,0,135.99779798103464,FEDERACION RUSA
2027-05-01,507.36695056305797,0,1228.198432726115,0,0,186.39302984099294,FEDERACION RUSA
2027-06-01,529.5385909610286,0,1253.5763427984853,0,0,240.82849716865184,FEDERACION RUSA
2027-01-01,32.94410270650511,0,172.13021589598176,0,0,69.26869086940911,FINLANDIA
2027-02-01,65.45027284202772,0,261.0182477431253,0,0,41.00550215772897,FINLANDIA
2027-03-01,95.8632956690034,0,332.648442502735,0,0,86.60291822453036,FINLANDIA
2027-04-01,115.69359492444535,0,369.6988774956129,0,0,0,FINLANDIA
2027-05-01,128.62360753113649,0,390.7723496909197,0,0,0,FINLANDIA
2027-06-01,137.0544044573761,0,403.411906276436,0,0,0,FINLANDIA
2027-01-01,668.5092520633634,0,3200.511943902395,0,0,1570.6760897162403,FRANCIA
2027-02-01,1695.5274710896038,0,5989.688087270248,0,0,2175.203936016062,FRANCIA
2027-03-01,2469.659233944237,0,7496.997515961983,0,0,1571.1776963668576,FRANCIA
2027-04-01,3053.1736985937778,0,8452.908853564179,0,0,0,FRANCIA
2027-05-01,3493.0072602599175,0,9093.304108394563,0,0,0,FRANCIA
2027-06-01,3824.538993726217,0,9535.650884602495,0,0,0,FRANCIA
2027-01-01,0.0018937226755974972,0,3.235974103817689,0.164745048198347,0,3.612965252899013,GALES
2027-02-01,0.0018937226755974972,0,3.2385091686825747,0.2011476557159917,0,3.6493678604166577,GALES
2027-03-01,0.0018937226755974972,0,3.2410422495223847,0.48459116258556556,0,3.9328113672862313,GALES
2027-04-01,0.0018937226755974972,0,3.2435733509881306,0.16890206968454768,0,3.6171222743852134,GALES
2027-05-01,0.0018937226755974972,0,3.2461024777126792,0.0848676915817085,0,3.533087896282374,GALES
2027-06-01,0.0018937226755974972,0,3.2486296343108543,0.08925251175716839,0,3.537472716457834,GALES
2027-01-01,3.260391819155367,0,17.65188035815763,10.491153013313363,0,27.142264459219163,GEORGIA
2027-02-01,3.3835038296149995,0,17.821669866034338,9.509479723348853,0,26.160591169254655,GEORGIA
2027-03-01,3.4920217329699934,0,17.966350679640236,14.949634786166916,0,31.600746232072716,GEORGIA
2027-04-01,3.5876755632063624,0,18.090039607066537,4.11378308247615,0,20.76489452838195,GEORGIA
2027-05-01,3.671990270328531,0,18.196099271442026,3.246525611650007,0,19.89763705755581,GEORGIA
2027-06-01,3.7463100316964786,0,18.287291674611005,3.847032550804002,0,20.498143996709803,GEORGIA
2027-01-01,29.184160859562382,0,126.85741329939262,47.788344452376265,0,132.26560040130187,GRECIA
2027-02-01,53.96168634266242,0,182.08907399859203,46.96799633628589,0,145.43578150915698,GRECIA
2027-03-01,70.64045993124589,0,210.39928637093342,40.32943501853407,0,144.14084602083304,GRECIA
2027-04-01,81.86762983604405,0,226.58944679969466,0,0,6.328649358676614,GRECIA
2027-05-01,89.42510061779775,0,236.34055830520873,0,0,9.80024981876025,GRECIA
2027-06-01,94.51234567611398,0,242.41107275297998,0,0,10.455697123914902,GRECIA
2027-01-01,404.52977659676435,0,1250.2920259831026,383.5015723448141,0,921.748067181594,HOLANDA
2027-02-01,876.5148671251836,0,2176.158781793418,12.457810535194767,0,738.2363045070256,HOLANDA
2027-03-01,1344.562148027208,0,2971.4162542648273,0,0,758.7845435348726,HOLANDA
2027-04-01,1689.8490304055008,0,3469.6793335757593,0,0,0,HOLANDA
2027-05-01,1875.3033997887262,53.72873876627568,3696.8780608111765,0,0,0,HOLANDA
2027-06-01,1900.3680068045664,78.03972892742763,3722.696284681705,0,0,0,HOLANDA
2027-01-01,76.12147252118298,0,175.85136602822476,121.79651355649702,41.18325137137131,202.40977574162272,HUNGRIA
2027-02-01,92.09013188720776,0,205.64415275786462,118.39790661917331,27.739634268375056,209.05617896997157,HUNGRIA
2027-03-01,86.32502424911337,0,208.0021390985341,116.28471172383209,20.20817042439208,212.3612530232721,HUNGRIA
2027-04-01,75.50221220223642,0,203.06159614988889,23.996423873632292,0,123.12122929006654,HUNGRIA
2027-05-01,67.7325502729116,0,198.4396449551569,8.16121538648086,0,109.03568388370402,HUNGRIA
2027-06-01,66.64272378100824,0,198.05441539275773,9.855611771934285,0,111.74500454530784,HUNGRIA
2027-01-01,1019.8723464017239,0,3034.5775238885267,2215.2327202950974,547.5230063495367,3882.9424342406583,INGLATERRA
2027-02-01,1112.1863888764915,0,3797.8358904022007,2414.6064626263496,359.0918163121037,4470.121108940595,INGLATERRA
2027-03-01,931.9751424375636,0,4091.982571502098,3119.96216877214,781.0047564195702,5458.91958112471,INGLATERRA
2027-04-01,956.3286496783307,0,4427.0597470063285,0,0,304.0231849810857,INGLATERRA
2027-05-01,1673.4455030482509,0,5420.418553611506,0,0,205.49736266957643,INGLATERRA
2027-06-01,2793.6351128441875,0,6673.438439504887,0,0,369.96773211431037,INGLATERRA
2027-01-01,66.47983404475843,0,317.3705994322212,228.9250601565218,31.68180029874523,426.1683200142984,IRLANDA
2027-02-01,120.94750788294391,0,445.2931734379705,163.44880218050434,0,406.86830266590493,IRLANDA
2027-03-01,165.57348410523056,0,531.0374991973965,266.77647959892215,0,541.9052919422693,IRLANDA
2027-04-01,202.13604706153467,0,592.7813631493603,0,0,123.33491881715054,IRLANDA
2027-05-01,232.09216506946026,0,638.7672655176351,0,0,82.51387273701937,IRLANDA
2027-06-01,256.63554861664784,0,673.7255460991103,0,0,88.54450101177486,IRLANDA
2027-01-01,34.47596060363287,1.5778983859140823,67.37402282135166,104.93350797725134,75.44701041504582,134.42000553945687,ISLANDIA
2027-02-01,33.682296345588554,0.22998820554799693,67.13460448562911,24.593092387709888,0,54.22887643309612,ISLANDIA
2027-03-01,29.821380283491727,0,63.86652386470767,34.737097090277985,4.756455477150151,64.71773870340581,ISLANDIA
2027-04-01,24.04762671060943,0,58.44452073330808,8.504612934882314,0,38.776210882673595,ISLANDIA
2027-05-01,17.9691175475067,0,52.43988397576569,7.499320191147714,0,37.87314248925526,ISLANDIA
2027-06-01,13.203224033104192,0,47.685053880713014,9.875106665289092,0,40.25077588007716,ISLANDIA
2027-01-01,347.3777860397545,0,2118.0390346767654,796.0323242582308,0,1934.3224305590757,ITALIA
2027-02-01,1020.0572961311536,0,3462.5948017689743,0,0,40.7434732684801,ITALIA
2027-03-01,1356.1304918918402,0,4184.946290831697,0,0,0,ITALIA
2027-04-01,1811.099050480746,0,4859.754947691334,0,0,0,ITALIA
2027-05-01,1963.1380591954025,0,5067.167185096438,0,0,0,ITALIA
2027-06-01,2153.8397206229097,0,5305.664004961673,0,0,0,ITALIA
2027-01-01,32.072687276312315,0,72.25618548014505,23.20354277777551,0,58.17606485057286,LETONIA
2027-02-01,38.16762699346245,0,81.94324921031713,42.584648120650236,5.4154683190726445,79.75382792222783,LETONIA
2027-03-01,32.7166789650407,0,77.3632458656361,31.088365840343485,0,69.51894586064117,LETONIA
2027-04-01,26.336664978450656,0,71.71049767085879,13.363939119868498,0,52.53400838369709,LETONIA
2027-05-01,20.758318297364454,0,66.44004204993635,5.186106387905935,0,44.79451630100288,LETONIA
2027-06-01,17.42314203983998,0,63.1211709177873,4.995281934435023,0,44.86514155213205,LETONIA
2027-01-01,3.2319374712281763,0,9.277380586501632,4.66451362577717,0,10.548186877439512,LIECHTENSTEIN
2027-02-01,3.6426980503429904,0,10.143544444763222,4.706501728338944,0,10.839307713963816,LIECHTENSTEIN
2027-03-01,3.072629945877722,0,9.676941891552056,4.750521737976855,0,11.001205173712632,LIECHTENSTEIN
2027-04-01,2.788259048934316,0,9.52980704811882,1.8901652643973896,0,8.197526963142561,LIECHTENSTEIN
2027-05-01,2.851768408055619,0,9.689024772444874,1.1159596070029436,0,7.450773535452068,LIECHTENSTEIN
2027-06-01,3.2210098601922614,0,10.085726763125512,1.268821946514466,0,7.616977932939538,LIECHTENSTEIN
2027-01-01,2.9790570181873464,0,59.67190279363075,60.64250663289493,16.850813015086672,104.43420025070319,LITUANIA
2027-02-01,12.802126312395409,0,88.33709805547585,62.49867875524326,13.071290209107865,111.92606730137865,LITUANIA
2027-03-01,15.611151214387391,0,112.91965812121892,57.11851533530245,3.242958752572733,110.99407191803216,LITUANIA
2027-04-01,12.426051399996092,0,131.81422441073533,36.23165086468729,0,94.54645487043618,LITUANIA
2027-05-01,9.836967786337663,0,146.92697805822826,29.70055968917243,0,89.15582437179657,LITUANIA
2027-06-01,10.163529856376645,0,161.09876458993452,28.508963328990966,0,88.26805938992884,LITUANIA
2027-01-01,9.093698874318392,0,44.24901583695814,28.18609614609126,0,59.729937323908445,LUXEMBURGO
2027-02-01,15.450584581793215,0,58.34383139780822,30.247368448759445,0,63.73483528713861,LUXEMBURGO
2027-03-01,19.894320453894714,0,66.09983700287609,34.07985444578814,0,68.8494559813042,LUXEMBURGO
2027-04-01,23.00068250123846,0,70.7412623945257,0,0,34.254672297119384,LUXEMBURGO
2027-05-01,25.172162860761777,0,73.64518976918679,0,0,27.064656189427478,LUXEMBURGO
2027-06-01,26.690120806400337,0,75.51706978429073,0,0,28.532107159666126,LUXEMBURGO
2027-01-01,1.715492008640884e-83,0,8.625574299610719,9.974663777732983,2.698673594603547,17.25065396086242,MACEDONIA
2027-02-01,1.0095214834488646e-83,0,10.008272070948518,6.959256263278569,0,14.42014237314243,MACEDONIA
2027-03-01,1.3000471052118908e-83,0,11.953824845354445,11.0220833592144,3.4332913321729883,18.610875386255813,MACEDONIA
2027-04-01,1.1804880954673475e-83,0,13.34633569931206,4.971191353030751,0,12.579499602453183,MACEDONIA
2027-05-01,1.2296898034762724e-83,0,14.708956427062422,3.41892219628083,0,11.033819950344977,MACEDONIA
2027-06-01,1.209441993828401e-83,0,15.916455460913202,3.5255434138753206,0,11.141873058205569,MACEDONIA
2027-01-01,7.705415467726599,0,24.257367904381958,16.35447402478956,1.4742697048708067,31.234678344708314,MALTA
2027-02-01,8.43583875773142,0,26.843969911882,18.604554907112572,2.9873829298430223,34.22172688438212,MALTA
2027-03-01,7.284453900954095,0,26.59399864179699,9.782425526894325,0,25.898470566590042,MALTA
2027-04-01,6.5921932913081704,0,26.576252704249267,0,0,16.32428776243557,MALTA
2027-05-01,7.238765529507751,0,27.657138077206266,0.9496653109301287,0,17.644917809749483,MALTA
2027-06-01,9.189941067279477,0,29.76441204143052,0.8117223908728268,0,17.671836291622018,MALTA
2027-01-01,1.8105872750412042,0,7.963561101955681,7.8556044410390165,1.855593441760667,13.855615440317365,MOLDAVIA
2027-02-01,2.6127509759168426,0,9.461819370842441,7.17302014235198,0.9474874241660975,13.398552860537862,MOLDAVIA
2027-03-01,2.9681420757398858,0,10.005103986146565,5.778058598030194,0,12.020529713503517,MOLDAVIA
2027-04-01,3.1255947673732276,0,10.232979796365349,4.27352853330955,0,10.5172951872943,MOLDAVIA
2027-05-01,3.195352704797458,0,10.339577430627912,4.368291167825824,0,10.612157045301469,MOLDAVIA
2027-06-01,3.226258304334712,0,10.395922118132669,3.1765790823412337,0,9.42045255998547,MOLDAVIA
2027-01-01,1.2005773123453352,0,6.388333086171217,4.675549202361735,0,10.403544382296301,MONACO
2027-02-01,1.4146276763247405,0,6.684190434777344,0,0,5.735504772692704,MONACO
2027-03-01,1.6049052986031396,0,6.93822540571019,2.107767965059838,0,7.87762485546777,MONACO
2027-04-01,1.665950261679442,0,7.005789436029184,1.8206576742546672,0,7.590523162501018,MONACO
2027-05-01,1.7009423579379634,0,7.04292182661883,0,0,5.769806909579405,MONACO
2027-06-01,1.7149155573423547,0,7.057236238115692,0.5107450725999738,0,6.280610686976021,MONACO
2027-01-01,0,0,346.7202410304784,88.61526862314122,0,280.8381780566764,NORUEGA
2027-02-01,0,0,576.141452915113,0,0,224.8719449045807,NORUEGA
2027-03-01,0,0,761.0388488200533,56.55969314430479,0,332.69167968134934,NORUEGA
2027-04-01,0,0,915.7710632510377,0,0,145.81692377933348,NORUEGA
2027-05-01,0,0,1049.8346564843775,0,0,151.46618309338982,NORUEGA
2027-06-01,0,0,1169.189357141386,0,0,224.1361044543679,NORUEGA
2027-01-01,56.0879078255943,0,623.6284881711238,501.99946630228715,103.76363302929269,900.2352995752816,POLONIA
2027-02-01,28.13725584632209,0,655.8846781484513,637.1312645597234,170.591608518081,1103.6709206013657,POLONIA
2027-03-01,118.17157544387533,0,835.8074738394243,480.4388115456645,0,1014.3343867208916,POLONIA
2027-04-01,280.63433875882237,0,1068.4021470722482,0,0,451.070375779938,POLONIA
2027-05-01,460.8147166750117,0,1280.2205908556289,0,0,433.8481624079503,POLONIA
2027-06-01,610.2897256532076,0,1434.5433361286355,0,0,506.59828005260056,POLONIA
2027-01-01,38.793836070560815,0,344.94865803169864,184.38339723169202,0,424.9153277312632,PORTUGAL
2027-02-01,116.72877267664586,0,485.92081861002225,16.322711568349973,0,300.6347511299867,PORTUGAL
2027-03-01,235.97192756492458,0,693.4181787627759,193.06114110510498,0,510.81383136961165,PORTUGAL
2027-04-01,279.4810206359797,0,785.6295873527429,0,0,126.00764901000883,PORTUGAL
2027-05-01,436.4793548864269,0,993.2674089983688,0,0,98.58286469974365,PORTUGAL
2027-06-01,460.2663883536853,0,1028.4792669229157,0,0,108.94528522245963,PORTUGAL
2027-01-01,0.15800181273937108,0,120.19947453617806,68.87539372023593,0,166.20282314507529,RUMANIA
2027-02-01,0,0,167.60902364404697,48.301121644398904,0,165.99861491908177,RUMANIA
2027-03-01,0,0,223.12584707318982,122.78527992189592,0,258.9438760820266,RUMANIA
2027-04-01,0,0,267.359038740396,8.002225318189678,0,153.26618441751666,RUMANIA
2027-05-01,0,0,305.2514567333655,4.755028352323636,0,154.7640639428498,RUMANIA
2027-06-01,0,0,338.9355376237718,0.2713878282020139,0,152.81251742929246,RUMANIA
2027-01-01,1.267236662497117,0,5.879727504130523,3.856821090485856,0,8.495469000711182,SAN MARINO
2027-02-01,1.5905418174415191,0,6.35077835872804,1.2253354876793037,0,5.889654244568484,SAN MARINO
2027-03-01,1.673025402636768,0,6.442719977973599,3.366784363344344,0,8.031103120233524,SAN MARINO
2027-04-01,1.6940691185275085,0,6.464378660951478,0.937508801176864,0,5.601827558066044,SAN MARINO
2027-05-01,1.6994379198161764,0,6.469787487287746,0.7335687266886877,0,5.397887483577868,SAN MARINO
2027-06-01,1.7008076411822537,0,6.471159813845711,2.8125264035305917,0,7.4768451604197725,SAN MARINO
2027-01-01,18.70584069853806,0,63.71363629807862,115.17988065458314,75.85767920357091,154.50208210559538,SERBIA
2027-02-01,15.152627558387415,0,66.22695304754737,80.712369387443,38.407779970670774,123.01695880421524,SERBIA
2027-03-01,9.95926442561732,0,65.1461353857425,83.87575750688953,39.00722036188346,128.7442946518956,SERBIA
2027-04-01,10.462220329067769,0,68.9079460771075,25.85661030282287,0,71.70079347063269,SERBIA
2027-05-01,17.544685098763587,0,77.76900056499053,7.165920941771707,0,53.551004868095795,SERBIA
2027-06-01,28.7300957863743,0,89.35649228628981,1.1757861655091322,0,47.818768567016505,SERBIA
2027-01-01,546.4024557209935,0,1502.3352717439884,0,0,114.15058747931897,SUECIA
2027-02-01,851.3269808891977,0,2045.568318589932,0,0,0,SUECIA
2027-03-01,869.0643952930823,0,2126.084343501715,0,0,131.71806177078122,SUECIA
2027-04-01,633.2034319979483,0,1892.6962019427888,0,0,0,SUECIA
2027-05-01,237.54231024055633,0,1505.4461523221948,0,0,0,SUECIA
2027-06-01,0,0,1093.907514694388,0,0,169.596907433522,SUECIA
2027-01-01,345.64813655475973,0,1041.4487416474526,44.42031151540834,0,510.8251259835864,SUIZA
2027-02-01,818.152853962456,0,1996.6506109822126,23.40238245204239,0,686.0139492476467,SUIZA
2027-03-01,1297.4751630604014,0,2820.587593055397,0,0,762.6380651877313,SUIZA
2027-04-01,1673.9664693543716,0,3375.2210144684595,0,0,0,SUIZA
2027-05-01,1887.880261126505,132.97385665421984,3642.78666559879,0,0,0,SUIZA
2027-06-01,1928.1056109302633,171.33202773126368,3684.879194129263,0,0,163.82949122498871,SUIZA
2027-01-01,3.164925318473211e-84,0,174.11630893910865,239.11162385749077,78.08777910591618,400.13546860906536,TURQUIA
2027-02-01,2.287690074554709e-84,0,214.839863547287,192.14703095968628,20.194203479546417,364.0998584398261,TURQUIA
2027-03-01,2.5308369408270506e-84,0,256.01135520013963,224.1434655054553,43.398868642373486,404.88806236853713,TURQUIA
2027-04-01,2.463442933361076e-84,0,289.67009067218527,0,0,160.95836475469522,TURQUIA
2027-05-01,2.482122804962779e-84,0,320.2425828570865,0,0,64.23149294468024,TURQUIA
2027-06-01,2.476945228852139e-84,0,348.02895286171326,0,0,112.9314600580215,TURQUIA
2027-01-01,16.76746911598468,0,95.0683955188527,87.25887895791203,14.760501947252152,159.7572559685719,UCRANIA
2027-02-01,3.9099026876305665,0,105.19743348496509,54.344054858865945,0,149.5624036265181,UCRANIA
2027-03-01,0,0,96.8577636065105,73.54108536487954,0,182.30301519278453,UCRANIA
2027-04-01,0,0,72.06180974920463,0,0,96.06807214428468,UCRANIA
2027-05-01,0,0,43.479775506935866,0,0,99.80381140408358,UCRANIA
2027-06-01,0,0,22.07415500862834,0,0,97.85836267860897,UCRANIA
2027-01-01,127.10417320071994,0,385.76119598469484,302.125516421443,90.0733396528885,514.1776931899975,O. EUROPA
2027-02-01,177.33614938105538,0,480.4220845147207,480.40621748996585,233.74435473554624,727.0680802443854,O. EUROPA
2027-03-01,222.82137881269904,0,570.502553095165,378.34413635823483,113.31533368873573,643.372939027734,O. EUROPA
2027-04-01,249.30247719010512,0,628.611864100009,0,0,227.00280144551363,O. EUROPA
2027-05-01,255.77874686262368,0,654.3917232016187,0,0,225.46872754203957,O. EUROPA
2027-06-01,206.5623777731449,0,605.357419471163,0,0,211.7027355424467,O. EUROPA
2027-01-01,503.95637424826623,0,1972.1417173048412,2250.466945119283,1291.4018867451327,3209.5320034934334,MEDIO ORIENTE
2027-02-01,970.7997777175701,0,3177.472367097222,1670.4003351377974,452.14841089464903,2888.652259380946,MEDIO ORIENTE
2027-03-01,1169.693758475181,0,3697.685362178553,1283.0615645226892,0,2567.0003932921454,MEDIO ORIENTE
2027-04-01,1080.1790012842534,0,3702.2614742413944,799.1197841452538,0,2089.5394889884205,MEDIO ORIENTE
2027-05-01,756.1011253285914,0,3384.573961705655,698.646211021253,0,1990.213987340243,MEDIO ORIENTE
2027-06-01,304.0454315208143,0,2938.6655878465767,678.0160720264321,0,1979.5859381468335,MEDIO ORIENTE
2027-01-01,0.8422232028013489,0,13.723689319766741,1.1076186736374627,0,14.480190699527721,ARABIA SAUDITA
2027-02-01,1.3634124932277512,0,14.765210590795023,3.899157537354962,0,17.482777573675385,ARABIA SAUDITA
2027-03-01,0.8237380517404578,0,14.408489386986197,2.468401002864926,0,16.29850236969102,ARABIA SAUDITA
2027-04-01,1.3108472907912356,0,15.500923689399235,5.240926709920749,0,19.74621203219148,ARABIA SAUDITA
2027-05-01,0.8747472898683696,0,15.264285834519209,7.766268687702145,0,22.3867093280852,ARABIA SAUDITA
2027-06-01,1.26497643691497,0,16.17942530624144,4.938544529307845,0,19.660126164086677,ARABIA SAUDITA
2027-01-01,1.266198029221153,0,5.553128267181605,5.9659598209510385,1.8908432454476527,10.041076396454425,BAHREIN
2027-02-01,1.414142573322768,0,5.799630807250997,2.8370098226948937,0,6.912243687994115,BAHREIN
2027-03-01,1.431428643609023,0,5.849025152509253,1.0128408520708643,0,5.119710550174454,BAHREIN
2027-04-01,1.4334483749060158,0,5.877670325719699,1.4061034639484435,0,5.544901225341912,BAHREIN
2027-05-01,1.4336843634473384,0,5.903793624879982,1.398545034073676,0,5.5373427954671435,BAHREIN
2027-06-01,1.4337119367149895,0,5.929492533873302,1.2960055066501293,0,5.434803268043597,BAHREIN
2027-01-01,2.5964205202950525,0,18.863115355407768,8.109188132278126,0,26.860219046884744,EMIRATOS ARABES
2027-02-01,2.9443885530758007,0,19.456169677738046,0,0,18.187143936372962,EMIRATOS ARABES
2027-03-01,3.259929720045652,0,19.970553733035004,2.304091499035051,0,21.262581426482612,EMIRATOS ARABES
2027-04-01,3.5460658551872144,0,20.418443848573368,7.528251483923436,0,26.56494843262569,EMIRATOS ARABES
2027-05-01,3.8055371901638417,0,20.80977359823057,0,0,17.225949033365495,EMIRATOS ARABES
2027-06-01,4.040828596617084,0,21.152731686364177,2.235066955602597,0,21.390937663350908,EMIRATOS ARABES
2027-01-01,1.0526315789467309,0,9.468559533914254,1.2292756095957418,0,9.91916363338372,IRAK
2027-02-01,1.0526315789467309,0,9.468559533914254,0.419117079873715,0,9.109005103661692,IRAK
2027-03-01,1.0526315789467309,0,9.468559533914254,0.73732716493079,0,9.427215188718767,IRAK
2027-04-01,1.0526315789467309,0,9.468559533914254,0.12255766893005629,0,8.812445692718034,IRAK
2027-05-01,1.0526315789467309,0,9.468559533914254,1.253552144207668,0,9.943440167995647,IRAK
2027-06-01,1.0526315789467309,0,9.468559533914254,0.1295808107179725,0,8.81946883450595,IRAK
2027-01-01,3.96194557087275,0,25.511438252151287,10.140350961364822,0,31.91498353998056,IRAN
2027-02-01,4.1971257796273935,0,25.784550791272615,2.6226950509455094,0,24.422066403035288,IRAN
2027-03-01,5.846432244151766,0,29.22359420804365,20.993947749834216,0,44.15975570870512,IRAN
2027-04-01,6.586429387332945,0,30.307554616968712,2.2317283425171395,0,25.609760798106468,IRAN
2027-05-01,7.343481155782049,0,31.419344385872073,5.820382717193513,0,29.506262385716436,IRAN
2027-06-01,7.920748450172519,0,32.200486789259465,4.805318764886155,0,28.61566158662973,IRAN
2027-01-01,487.93318138573784,0,1946.166722959123,2251.7867044175196,1301.9223953741698,3201.6510134608693,ISRAEL
2027-02-01,947.4647475007567,0,3145.6947544449176,1658.5652661055815,468.54484266492796,2848.585689546235,ISRAEL
2027-03-01,1149.5975011084743,0,3666.842875576102,1188.6393513217074,0,2431.9596111465885,ISRAEL
2027-04-01,1072.690407371615,0,3681.4222007236563,710.4036941259338,0,1957.961562662133,ISRAEL
2027-05-01,767.3393592001207,0,3381.552030919714,622.1052320177555,0,1871.6451478199695,ISRAEL
2027-06-01,335.6025102219689,0,2957.024137199214,624.910706237014,0,1886.739326700214,ISRAEL
2027-01-01,1.735409914110339,0,11.198094386796662,7.737422424765764,0,17.286836776134166,JORDANIA
2027-02-01,2.0073296165243724,0,11.669987422138416,5.402340292888157,0,15.029540125312689,JORDANIA
2027-03-01,2.2962498774097906,0,12.1892656917993,6.213791280984832,0,15.842258807629486,JORDANIA
2027-04-01,2.380115126499777,0,12.33224246904507,4.298648720073999,0,13.927136990506622,JORDANIA
2027-05-01,2.434263458811576,0,12.431052676757837,3.8168850741655906,0,13.44537368405946,JORDANIA
2027-06-01,2.4546512270865852,0,12.481403507586418,3.1341799888569293,0,12.762668604305912,JORDANIA
2027-01-01,2.6535087719269757,0,13.493485755519679,8.006959742372107,0,20.298532797790585,KUWAIT
2027-02-01,2.6535087719269757,0,13.493485755519679,1.4433565064719318,0,13.73492956189041,KUWAIT
2027-03-01,2.6535087719269757,0,13.493485755519679,2.8504873304333755,0,15.142060385851854,KUWAIT
2027-04-01,2.6535087719269757,0,13.493485755519679,2.855668832661317,0,15.147241888079796,KUWAIT
2027-05-01,2.6535087719269757,0,13.493485755519679,1.3812681459068379,0,13.672841201325316,KUWAIT
2027-06-01,2.6535087719269757,0,13.493485755519679,1.074756334783312,0,13.366329390201791,KUWAIT
2027-01-01,0.42178222007148425,0,10.756201565291102,2.107358147034722,0,12.010761472888088,LIBANO
2027-02-01,0.42178222007148425,0,11.09950536455398,1.0025412100402846,0,11.085163131388368,LIBANO
2027-03-01,0.42178222007148425,0,11.432110094280537,2.4635660913103763,0,12.70908371522868,LIBANO
2027-04-01,0.42178222007148425,0,11.754957778799609,1.2693847553282278,0,11.663221471178296,LIBANO
2027-05-01,0.42178222007148425,0,12.068859818865105,0,0,10.45638641978167,LIBANO
2027-06-01,0.42178222007148425,0,12.374521025035301,0,0,9.430256157300988,LIBANO
2027-01-01,0.8421052631581554,0,5.066072274104485,2.0628820834804382,0,7.099120416910608,OMAN
2027-02-01,0.8421052631581554,0,5.066072274104485,1.139573820891243,0,6.175812154321413,OMAN
2027-03-01,0.8421052631581554,0,5.066072274104485,0,0,5.036238333430171,OMAN
2027-04-01,0.8421052631581554,0,5.066072274104485,1.6293484956564968,0,6.665586829086667,OMAN
2027-05-01,0.8421052631581554,0,5.066072274104485,0.31237263883985394,0,5.348610972270024,OMAN
2027-06-01,0.8421052631581554,0,5.066072274104485,0.6922305791369349,0,5.728468912567106,OMAN
2027-01-01,0.760900921952198,0,8.578503068171011,0.7131561433307279,0,8.908810695022856,QATAR
2027-02-01,0.9613422953488158,0,9.047321028849781,0.22714580878104318,0,8.683229643814425,QATAR
2027-03-01,1.1034515405868663,0,9.321021619106162,1.2840206470336568,0,9.870719235664177,QATAR
2027-04-01,1.204204380381912,0,9.487129999133566,1.4330671605572936,0,10.086046401457674,QATAR
2027-05-01,1.2756362897539009,0,9.591219207321211,0.5473486835328567,0,9.234154248726783,QATAR
2027-06-01,1.3262801990164854,0,9.658230127492253,1.5008052357840238,0,10.204923158533536,QATAR
2027-01-01,0.6748553511387758,0,9.328671702805206,2.840997688190142,0,12.726948321873657,SIRIA
2027-02-01,0.6748553511387758,0,9.504835224859637,2.5062068450972883,0,12.785634103425968,SIRIA
2027-03-01,0.6748553511387758,0,9.677552263301354,5.352792928988172,0,15.761433656278005,SIRIA
2027-04-01,0.6748553511387758,0,9.847017517945888,3.07899937549851,0,13.8023691024251,SIRIA
2027-05-01,0.6748553511387758,0,10.01340801930711,4.140351450903165,0,14.863721177829753,SIRIA
2027-06-01,0.6748553511387758,0,10.176885295213888,3.3383827870349716,0,14.061752513961562,SIRIA
2027-01-01,0.5833333333342549,0,6.7256299374907504,0.3323824055315805,0,7.714883107843487,YEMEN
2027-02-01,0.5833333333342549,0,6.7256299374907504,0.3005435504514614,0,7.683044252763368,YEMEN
2027-03-01,0.5833333333342549,0,6.7256299374907504,0.3670740440169581,0,7.7495747463288644,YEMEN
2027-04-01,0.5833333333342549,0,6.7256299374907504,0.3005435504514614,0,7.683044252763368,YEMEN
2027-05-01,0.5833333333342549,0,6.7256299374907504,0.6329259559830419,0,8.015426658294949,YEMEN
2027-06-01,0.5833333333342549,0,6.7256299374907504,0,0,7.382500702311907,YEMEN
2027-01-01,2.6553378385080695,0,14.907845890753197,3.71632928873263,0,16.325981332325807,O. MEDIO ORIENTE
2027-02-01,2.8492607675713897,0,15.15845230420101,3.189688539350276,0,15.799340582943454,O. MEDIO ORIENTE
2027-03-01,3.017738003938359,0,15.369541205065191,4.814560288780126,0,17.424212332373305,O. MEDIO ORIENTE
2027-04-01,3.1641084167149907,0,15.547977228212426,9.640326612076738,0,22.249978655669914,O. MEDIO ORIENTE
2027-05-01,3.29127276365226,0,15.699289388137625,2.3865564714212852,0,14.996208515014462,O. MEDIO ORIENTE
2027-06-01,3.4017511781434417,0,15.827963169671113,3.350253154053683,0,15.959905197646862,O. MEDIO ORIENTE
2027-01-01,360.3390985555528,0,2023.0532397857191,1064.3751482476,0,2524.2436408649673,OCEANIA
2027-02-01,565.6187077597458,0,2816.285470443422,182.19799822398727,0,2157.339289371066,OCEANIA
2027-03-01,746.914525879689,0,3586.082359964115,969.9506223014387,0,3287.571007820437,OCEANIA
2027-04-01,852.9433728269,0,4146.849050312743,0,0,862.0372743277599,OCEANIA
2027-05-01,861.9583442465064,0,4437.129676552264,0,0,925.1275566378918,OCEANIA
2027-06-01,783.7410829777627,0,4496.594052173423,0,0,1152.4849221782913,OCEANIA
2027-01-01,0,0,1496.5452477159704,1122.9284327137102,0,2361.5373001414973,AUSTRALIA
2027-02-01,0,0,2164.6198813089336,386.68152295250457,0,2000.0673774962934,AUSTRALIA
2027-03-01,0,0,2918.197365127125,1009.8776485163044,0,2955.502263433727,AUSTRALIA
2027-04-01,0,0,3514.269145908208,0,0,834.3158751363426,AUSTRALIA
2027-05-01,0,0,4023.2405423819373,0,0,975.3431764291593,AUSTRALIA
2027-06-01,0,0,4474.848286649402,0,0,1206.2359991339374,AUSTRALIA
2027-01-01,49.065753756280756,0,377.6272091703711,32.064814734485026,0,293.90007747197944,NUEVA ZELANDIA
2027-02-01,84.11806953435416,0,514.6581584271992,0,0,110.3186600355254,NUEVA ZELANDIA
2027-03-01,109.1592591084264,0,603.1850788682628,0,0,343.6386515065891,NUEVA ZELANDIA
2027-04-01,127.04855290729361,0,666.4662949374558,0,0,184.90043112536216,NUEVA ZELANDIA
2027-05-01,139.82857007363248,0,714.5191077154644,0,0,192.48598108759973,NUEVA ZELANDIA
2027-06-01,148.95854695300255,0,752.7310111699128,0,0,210.8066768072027,NUEVA ZELANDIA
2027-01-01,0.21052631578941086,0,1.5364909355953438,0.3596764457003375,0,1.713371756063549,SAMOA
2027-02-01,0.21052631578941086,0,1.5364909355953438,0.05556973907282885,0,1.4092650494360404,SAMOA
2027-03-01,0.21052631578941086,0,1.5364909355953438,0.14428625503289114,0,1.4979815653961026,SAMOA
2027-04-01,0.21052631578941086,0,1.5364909355953438,0.11476437914078294,0,1.4684596895039943,SAMOA
2027-05-01,0.21052631578941086,0,1.5364909355953438,0.28183882183583675,0,1.6355341321990482,SAMOA
2027-06-01,0.21052631578941086,0,1.5364909355953438,0.11229589739460738,0,1.4659912077578188,SAMOA
2027-01-01,0.0789473684214254,0,1.5540427233978649,5.245367860670827e-4,0,1.547337420390653,TUVALU
2027-02-01,0.0789473684214254,0,1.5540427233978649,5.245367860670827e-4,0,1.547337420390653,TUVALU
2027-03-01,0.0789473684214254,0,1.5540427233978649,6.622262337440936e-4,0,1.54747510983833,TUVALU
2027-04-01,0.0789473684214254,0,1.5540427233978649,0.10347540064186676,0,1.6502882842464526,TUVALU
2027-05-01,0.0789473684214254,0,1.5540427233978649,0.24447475943520378,0,1.7912876430397895,TUVALU
2027-06-01,0.0789473684214254,0,1.5540427233978649,5.750694120674759e-4,0,1.5473879530166532,TUVALU
2027-01-01,7.346491228063817,0,33.85229412335311,10.85483351256246,0,38.572752635751336,O. OCEANIA
2027-02-01,7.346491228063817,0,33.85229412335311,8.031736899525669,0,35.74965602271455,O. OCEANIA
2027-03-01,7.346491228063817,0,33.85229412335311,9.739050931456594,0,37.45697005464547,O. OCEANIA
2027-04-01,7.346491228063817,0,33.85229412335311,7.14772963812456,0,34.86564876131344,O. OCEANIA
2027-05-01,7.346491228063817,0,33.85229412335311,13.289289479655789,0,41.00720860284466,O. OCEANIA
2027-06-01,7.346491228063817,0,33.85229412335311,12.120647687215682,0,39.83856681040456,O. OCEANIA
2027-01-01,1.1501697550851868,0,13.347267565885918,2.8086677794299817,0,16.645214707191528,O. MUNDO
2027-02-01,0.3130936308352317,0,12.867043150168191,7.2158222955369204,0,21.217710230487747,O. MUNDO
2027-03-01,1.0651726079168955,0,13.723062466319865,3.6074012367887778,0,17.756408464719804,O. MUNDO
2027-04-01,0.38946012325486234,0,13.360845006788093,0.07699422797135964,0,14.357081102720299,O. MUNDO
2027-05-01,0.996560409051789,0,14.084427511062236,0,0,12.150116004342706,O. MUNDO
2027-06-01,0.45110540358588325,0,13.819368032044451,0,0,12.480303670145947,O. MUNDO
2027-01-01,2011.9726367813837,0,9404.275522948803,2594.1902854706022,0,7692.204157664489,CHILE
2027-02-01,3777.234318077939,0,13767.547501395311,10540.307258191824,4273.580290268533,16807.034226115116,CHILE
2027-03-01,5850.319713294052,0,16794.48436151952,24.863819806039828,0,7274.276784999345,CHILE
2027-04-01,6440.667943305288,0,18478.24943005525,0,0,0,CHILE
2027-05-01,8284.932460106222,0,20669.96232622293,0,0,0,CHILE
2027-06-01,8531.257694984353,0,21354.184674735916,0,0,0,CHILE
2027-01-01,41508.413712849084,0,205411.87921586153,144453.95573272253,35724.24336212264,253183.66810332244,TOTAL
2027-02-01,85481.42783062582,0,324256.6212332066,0,0,118404.70444513168,TOTAL
2027-03-01,123577.11033930891,0,405786.3943055695,0,0,83061.5413827901,TOTAL
2027-04-01,154942.4903776455,0,463132.9584669182,0,0,0,TOTAL
2027-05-01,180379.835920969,0,504525.40813298745,0,0,0,TOTAL
2027-06-01,200913.47876428915,0,535045.8588960053,0,0,0,TOTAL
