Fecha,01. XV - ARICA Y PARINACOTA,Chacalluta - Aeropuerto,Concordia (Chacalluta),Chungará,FF.CC. Arica - Tacna,Visviri,02. I - TARAPACÁ,Aeropuerto Diego Aracena,Apacheta de Irpa,Colchane,03. II - ANTOFAGASTA,Aeródromo El Loa,Aeropuerto Cerro Moreno,FF.CC Ollague,Jama,Salar de Ollagüe,Hito Cajón,Socompa,Sico,04. III - ATACAMA,Aeródromo Chamonate,Pascua Lama,Pircas Negras,San Francisco,05. IV - COQUIMBO,Aeropuerto La Florida,Juntas del Toro,06. V - VALPARAÍSO,Aeródromo Torquemada - Viña del Mar,Aeropuerto Isla de Pascua,Sistema Cristo Redentor (Los Libertadores),07. VII - MAULE,Pehuenche,Vergara,08. VIII - BÍO - BÍO,Aeropuerto Carriel Sur,Copahue,Pichachén,09. IX - ARAUCANÍA,Aeródromo Pucón,Aeropuerto Maquehue,Icalma,Pino Hachado,Puesco (Mamuil Malal),10. XIV - LOS RÍOS,Aeropuerto Pichoy,Carirriñe,Hua Hum,11. X - LOS LAGOS,Aeropuerto El Tepual,Cardenal Antonio Samoré,Futaleufú,Pérez Rosales (Peulla),Río Encuentro,Río Manso,Río Puelo,Vuriloche,12. XI - AYSEN DEL GENERAL CARLOS IBAÑEZ DEL CAMPO,Aeropuerto Balmaceda,Coyhaique,Hito O-IV-B,Huemules,Ingeniero Ibáñez Palavicini,Las Pampas - Lago Verde,Pampa Alta,Río Fría Appeleg,Rio Jeinimeni,Río Mayer,Río Mosco,Roballos,Triana,13. XII - MAGALLANES Y LA ANTARTICA CHILENA,Aeropuerto Punta Arenas,Dorotea,Integración Austral (Monte Aymond),Laurita Casas Viejas,Río Bellavista,Río Don Guillermo,San Sebastián,14. RM - METROPOLITANA DE SANTIAGO,Aeropuerto C. Arturo Merino Benítez,Portillo de Piuquenes,"(1) Por condiciones de conectividad y habitabilidad en el paso SICO, las labores de control y fiscalización (ingreso y salida del país), desde el año 2021, se realizan en el CF San Pedro de Atacama. Para efectos de contabilización, se considera Sico - San Pedro de Atacama, como un solo punto de control migratorio.",TOTAL
2008-01-01,41966,163,22929,18541,175,158,14336,2446,15,11875,12026,117,21,0,9556,456,1874,0,2,756,0,0,41,715,5307,26,5281,98769,0,1582,97187,545,545,0,166,0,0,166,15600,0,0,1954,7472,6174,1636,0,350,1286,33486,274,23911,5066,3162,725,182,100,66,9035,23,1141,87,485,557,42,86,8,5892,2,0,188,524,43277,2350,12201,12820,1543,82,6053,8228,111488,111488,0,NA,776786
2008-02-01,34980,248,21140,12755,701,136,11663,1453,9,10201,7692,0,6,0,5733,481,1429,0,43,332,0,0,6,326,1579,15,1564,54794,12,1397,53385,465,465,0,130,0,0,130,11849,0,0,1383,5309,5157,1538,0,475,1063,26393,202,19552,3685,2223,494,94,143,0,6174,12,1043,87,533,253,51,53,8,3713,1,0,142,278,36878,1527,10726,11694,1299,131,5833,5668,95712,95712,0,NA,580358
2008-03-01,31746,138,19151,12124,143,190,12381,1858,3,10520,6150,0,30,0,4320,379,1414,0,7,256,0,0,0,256,791,8,783,46560,0,1516,45044,337,337,0,317,253,0,64,9220,0,11,1112,4078,4019,598,0,101,497,20609,29,15420,2800,1630,497,135,98,0,6221,0,982,74,516,503,47,69,20,3467,0,0,118,425,30019,902,10342,8853,1251,98,3918,4655,95790,95790,0,NA,521990
2008-04-01,28035,234,16410,11085,133,173,12200,1528,10,10662,5548,0,10,0,4010,365,1158,0,5,89,16,8,0,65,180,16,164,23462,0,937,22525,34,34,0,5,0,0,5,4171,0,1,303,1977,1890,184,0,22,162,10305,0,8669,1039,265,224,56,52,0,2556,0,302,1,179,186,16,30,9,1654,5,0,19,155,16150,275,5831,6073,784,18,941,2228,77043,77043,0,NA,359924
2008-05-01,26904,218,15606,10798,107,175,11937,1419,4,10514,4790,0,107,0,3059,513,1104,0,7,38,0,0,0,38,32,7,25,15702,0,1261,14441,0,0,0,73,73,0,0,3543,0,0,274,1910,1359,109,0,22,87,6570,52,5827,525,4,119,26,17,0,1797,0,224,0,116,75,8,25,0,1294,2,0,9,44,13152,321,5361,4889,927,0,191,1463,57266,57266,0,NA,283826
2008-06-01,26623,376,12665,13305,96,181,12523,1392,3,11128,4836,0,3,0,3187,637,969,0,40,14,6,0,0,8,3,3,0,11502,0,1156,10346,0,0,0,210,210,0,0,2187,0,2,98,1177,910,66,0,0,66,4995,0,4396,414,0,146,23,16,0,1388,0,138,0,96,79,4,2,0,1019,2,0,2,46,10478,281,4429,3846,790,0,71,1061,65691,65691,0,NA,281032
2008-07-01,32969,273,17776,14500,222,198,15124,1487,2,13635,7652,1,19,2,4975,608,1972,0,75,61,0,0,0,61,32,32,0,19226,0,1096,18130,0,0,0,42,42,0,0,3939,0,0,140,2234,1565,112,0,0,112,9221,0,8202,798,0,189,16,16,0,2160,0,270,0,157,113,4,3,2,1578,2,0,0,31,17357,186,6558,6941,1289,0,116,2267,94685,94685,0,NA,405160
2008-08-01,30103,340,17580,11772,261,150,11930,1981,5,9944,7953,5,0,0,4692,571,2682,0,3,61,0,0,0,61,0,0,0,13496,1,976,12519,0,0,0,0,0,0,0,2487,0,0,131,1195,1161,87,0,0,87,6306,4,5538,626,0,117,8,13,0,1972,2,100,0,194,114,0,0,5,1507,1,0,21,28,17003,279,6622,5736,1140,0,241,2985,85314,85314,0,NA,353424
2008-09-01,27857,222,16425,10882,188,140,12921,1696,3,11222,6419,0,22,0,4491,433,1372,0,101,77,0,0,0,77,0,0,0,23093,0,1137,21956,0,0,0,108,108,0,0,4173,0,11,215,2345,1602,110,0,0,110,9755,2,8718,681,76,223,25,30,0,2591,0,394,0,297,136,5,7,0,1625,1,6,11,109,17850,260,6385,7489,1088,0,661,1967,78538,78538,0,NA,366984
2008-10-01,29521,399,17241,11618,82,181,13559,1852,1,11706,6708,0,13,0,4214,533,1932,0,16,137,0,0,0,137,1,1,0,33030,4,1382,31644,0,0,0,0,0,0,0,5128,0,0,472,2329,2327,119,0,0,119,12961,0,10491,1146,1035,240,25,24,0,3163,0,426,0,280,262,5,25,0,1910,1,14,14,226,24890,281,8574,9703,1619,0,2273,2440,77003,77003,0,NA,412440
2008-11-01,28681,482,15619,12296,165,119,11488,1902,3,9583,6142,0,15,0,3271,455,2392,0,9,279,0,0,0,279,15,15,0,31084,0,1215,29869,0,0,0,4,4,0,0,4595,0,1,344,1884,2366,223,0,0,223,17214,12,13198,1436,1917,466,110,75,0,3350,7,368,36,187,87,4,14,2,2314,2,8,83,238,31885,963,8117,10369,1442,0,7236,3758,94829,94829,0,NA,459578
2008-12-01,38102,203,19944,17657,153,145,13399,1496,3,11900,8100,0,0,29,5054,960,2044,0,13,195,0,0,0,195,2259,7,2252,56639,1,1323,55315,108,108,0,56,0,0,56,11584,0,0,1179,5011,5394,293,0,0,293,25736,11,20609,2639,1702,482,186,107,0,6047,0,748,66,612,404,14,60,6,3699,1,15,94,328,43526,1558,13074,14932,2938,1,5474,5549,103229,103229,0,NA,618546
2009-01-01,43069,268,25385,17100,178,138,13933,1976,5,11952,15380,0,1,72,12075,866,2278,0,88,1325,0,0,56,1269,8714,19,8695,121802,464,1847,119491,939,939,0,191,0,0,191,21682,0,20,2995,9547,9120,1986,0,529,1457,45338,39,37195,4474,1963,1122,349,196,0,10578,0,1172,140,707,533,40,79,23,7125,8,9,269,473,45424,1768,12634,13743,2261,36,7290,7692,102211,102211,0,NA,865144
2009-02-01,36825,244,23911,12414,149,107,10652,1683,2,8967,9257,6,13,9,6907,566,1330,0,426,443,0,0,46,397,3048,4,3044,63187,3,2379,60805,890,832,58,297,0,0,297,17195,0,0,2271,6837,8087,1332,0,291,1041,33217,26,27984,2999,1544,173,349,142,0,7740,0,1365,162,848,132,73,62,18,4498,0,2,221,359,36631,1385,10462,12796,1648,108,5305,4927,83813,83813,0,NA,609054
2009-03-01,34174,286,22275,11337,164,112,12673,1749,4,10920,6397,0,0,32,4156,795,1399,0,15,229,0,0,0,229,605,0,605,36578,119,1675,34784,310,193,117,149,0,0,149,7017,0,0,948,3203,2866,592,0,227,365,19885,20,16886,1534,1004,288,87,66,0,4720,0,449,103,407,184,42,37,7,3183,3,0,108,197,27012,765,9076,8731,1394,53,3397,3596,85940,85940,0,NA,472562
2009-04-01,29117,236,17720,10913,124,124,11747,1587,1,10159,6549,7,0,13,4605,515,1374,1,34,309,0,0,0,309,1001,0,1001,38783,0,1430,37353,192,0,192,0,0,0,0,10221,0,8,1527,4378,4308,317,0,92,225,18829,1,16008,1630,640,401,106,43,0,5189,0,948,14,567,301,11,50,6,2745,1,3,47,496,19201,315,7885,6659,1287,33,1005,2017,74414,74414,0,NA,431738
2009-05-01,27181,226,16370,10378,87,120,11297,1329,0,9968,5784,0,9,0,3861,594,1320,0,0,109,1,0,0,108,54,0,54,20963,0,962,20001,0,0,0,56,56,0,0,5059,0,0,531,2519,2009,168,0,20,148,10217,12,8566,975,202,351,77,34,0,3026,0,368,0,243,234,9,41,11,1936,1,0,28,155,12947,185,5415,4935,1157,0,247,1008,60965,60965,0,NA,315652
2009-06-01,28261,420,16074,11539,68,160,12219,1162,4,11053,5552,0,27,0,3442,898,1141,0,44,41,0,0,0,41,0,0,0,10863,0,1090,9773,0,0,0,0,0,0,0,2600,0,0,198,1512,890,29,0,0,29,5568,0,4160,915,210,232,27,24,0,1966,0,129,0,129,153,4,19,4,1456,1,0,6,65,7861,231,3269,3015,727,0,88,531,64920,64920,0,NA,279760
2009-07-01,32444,561,18748,12839,123,173,14301,2954,1,11346,7644,8,6,0,4981,972,1677,0,0,51,0,0,0,51,1,1,0,17066,0,1077,15989,0,0,0,4,4,0,0,4308,0,0,431,2150,1727,98,0,0,98,9438,0,7132,1748,254,262,26,16,0,2488,0,254,0,158,171,2,3,0,1778,0,0,5,117,11433,145,4949,4542,799,0,101,897,71882,71882,0,NA,342316
2009-08-01,31138,464,18762,11674,111,127,12208,2885,8,9315,7895,0,0,0,4601,634,2660,0,0,38,0,0,0,38,0,0,0,13150,1,1002,12147,0,0,0,0,0,0,0,2913,0,0,188,1418,1307,77,0,0,77,7063,2,5540,1124,156,215,5,21,0,2300,0,233,0,170,146,1,6,0,1640,20,2,2,80,15740,252,6219,5787,1014,0,181,2287,68364,68364,0,NA,321772
2009-09-01,30379,416,18171,11556,100,136,13802,3107,19,10676,6089,0,0,0,4107,534,1442,0,6,101,0,0,0,101,0,0,0,19908,0,861,19047,0,0,0,10,10,0,0,4958,0,0,306,2789,1863,103,0,0,103,10519,0,8633,1091,449,290,27,29,0,3104,4,423,0,284,214,2,12,2,1929,2,7,26,199,16353,186,6131,6595,1198,0,541,1702,70441,70441,0,NA,351534
2009-10-01,31545,582,17875,12818,137,133,14179,2991,0,11188,6733,0,381,0,4029,602,1721,0,0,227,57,0,0,170,2,2,0,33110,6,1171,31933,0,0,0,0,0,0,0,6093,0,0,539,2750,2804,132,0,0,132,12920,0,10282,1452,759,346,44,37,0,3762,0,667,0,353,276,5,27,2,2123,0,0,30,279,20634,248,7564,7468,1495,0,1747,2112,82197,82197,0,NA,423068
2009-11-01,32400,811,18573,12712,156,148,12266,2589,7,9670,7496,0,0,0,4565,563,2368,0,0,181,2,0,0,179,282,12,270,33482,0,2005,31477,0,0,0,5,5,0,0,5027,0,0,457,2133,2437,154,0,0,154,14996,0,11350,1969,1261,297,72,47,0,3184,0,240,35,305,237,1,10,13,2036,4,0,86,217,28347,417,8163,9675,1206,0,5264,3622,97857,97857,0,NA,471354
2009-12-01,40710,1073,19302,20001,118,216,16645,3683,23,12939,9078,0,7,0,5859,1245,1967,0,0,322,0,0,0,322,2299,2,2297,61794,1,1940,59853,0,0,0,16,0,0,16,11374,0,4,1248,5110,5012,408,0,0,408,21287,18,16356,3067,1172,515,67,92,0,6201,0,724,66,476,390,5,33,8,3712,6,9,121,651,39603,1100,14102,12266,2241,1,5008,4885,107981,107981,0,NA,635436
2010-01-01,48911,1134,28271,19126,246,134,18641,4351,18,14272,20418,8,5,0,17069,827,2509,0,0,4592,15,0,79,4498,8435,21,8414,110708,1,1197,109510,571,537,34,198,0,0,198,22784,0,0,3695,9491,9598,1949,0,189,1760,41989,11,32727,6093,1901,920,282,21,34,10497,4,1228,99,650,601,10,76,26,7013,1,2,253,534,44357,1433,13861,13467,1722,54,6482,7338,107095,107048,47,NA,882290
2010-02-01,37338,677,24459,11904,160,138,12230,3438,71,8721,11205,0,260,0,8739,536,1648,0,22,724,11,0,194,519,2050,12,2038,57884,0,2504,55380,822,685,137,320,0,28,292,14294,0,12,2177,5790,6315,2070,0,249,1821,32422,7,23986,4231,2102,754,1137,157,48,7680,4,1294,101,570,363,65,69,18,4632,2,0,179,383,36008,960,11355,12990,1462,68,4401,4772,75074,75024,50,NA,580242
2010-03-01,33924,602,22241,10846,96,139,11757,1303,1,10453,7816,0,160,0,5659,616,1381,0,0,178,14,0,0,164,493,37,456,23320,99,1390,21831,307,255,52,23,23,0,0,5218,0,7,661,2416,2134,311,0,49,262,13522,163,9539,2449,763,405,75,121,7,4858,20,487,51,386,229,13,21,12,3322,1,0,117,199,26558,614,9158,8512,1167,37,3317,3753,62171,62169,2,NA,380912
2010-04-01,30426,633,19402,10213,54,124,10662,1708,14,8940,7035,0,1,0,5473,361,1186,0,14,149,0,0,0,149,433,24,409,23942,1,1071,22870,179,179,0,0,0,0,0,6653,0,0,802,2995,2856,185,0,67,118,13812,8,10733,2338,347,281,50,48,7,4708,4,713,16,441,378,6,35,14,2544,5,0,40,512,19827,336,8069,6870,1394,2,1196,1960,62544,62544,0,NA,361110
2010-05-01,33133,612,21136,11142,11,232,11605,1266,1,10338,5530,0,1,0,3814,728,985,0,2,33,0,0,0,33,76,3,73,18277,10,958,17309,6,6,0,0,0,0,0,5858,0,0,629,2609,2620,160,0,49,111,13071,3,10506,1987,153,346,41,28,7,3362,0,513,0,318,215,6,23,12,2041,0,3,25,206,17895,329,7124,7146,1805,0,252,1239,61612,61612,0,NA,341236
2010-06-01,30233,571,18467,11033,47,115,12333,1520,2,10811,5647,1,0,0,4037,703,906,0,0,15,5,0,0,10,102,102,0,11490,0,952,10538,0,0,0,0,0,0,0,2451,0,0,154,1059,1238,79,0,30,49,6991,11,5299,1306,104,225,25,15,6,2137,0,164,0,243,140,5,10,5,1475,0,0,5,90,11247,121,5181,3984,1222,0,133,606,60071,60071,0,NA,285592
2010-07-01,36173,769,22507,12650,112,135,13068,1415,0,11653,8700,8,7,57,5927,810,1890,0,1,66,0,0,0,66,14,14,0,18001,0,1166,16835,0,0,0,1,0,1,0,3971,0,0,316,1660,1995,107,0,0,107,10939,1,8039,2151,388,314,17,24,5,2459,0,179,0,159,10,1,0,0,2087,1,0,5,17,18493,144,8202,7296,1634,0,132,1085,83851,83851,0,NA,391686
2010-08-01,35412,864,22336,11990,51,171,10291,1671,71,8549,7906,0,8,92,5187,586,2026,0,7,48,2,0,0,46,8,8,0,19226,3,1095,18128,0,0,0,0,0,0,0,3049,0,0,250,985,1814,86,0,0,86,9945,2,7294,1716,188,722,15,8,0,2300,0,241,0,146,77,1,0,4,1782,3,0,5,41,18780,237,6154,7259,1663,0,305,3162,81265,81265,0,NA,376632
2010-09-01,30799,689,19364,10521,69,156,11288,1420,4,9864,7509,16,0,89,4862,767,1764,0,11,133,0,0,0,133,20,20,0,24463,19,949,23495,0,0,0,28,28,0,0,5393,0,0,423,2305,2665,150,0,0,150,12484,4,9965,1768,388,314,22,23,0,3468,7,531,0,465,127,7,0,8,2166,0,0,19,138,17322,225,5760,7342,1226,0,759,2010,83059,83059,0,NA,392232
2010-10-01,33969,986,21195,11634,56,98,12097,1879,15,10203,7175,0,29,41,4741,526,1838,0,0,263,18,0,0,245,21,21,0,31516,0,1325,30191,0,0,0,1,1,0,0,7081,0,0,680,3152,3249,180,5,0,175,15394,3,12324,1905,686,314,139,23,0,3900,0,645,0,415,230,1,22,49,2387,1,0,25,125,24945,245,8820,9603,2034,0,2028,2215,97953,97953,0,NA,468990
2010-11-01,35300,968,21378,12747,76,131,13111,2118,14,10979,9061,11,151,95,5564,668,2572,0,0,126,0,0,0,126,220,12,208,29545,0,1203,28342,0,0,0,14,14,0,0,6477,0,3,574,2741,3159,238,0,4,234,16819,28,12381,2327,1595,407,42,39,0,5050,2,779,39,929,248,5,50,10,2793,0,0,69,126,34074,315,9074,12251,2433,0,6101,3900,105824,105824,0,NA,511718
2010-12-01,39482,1194,20559,17448,131,150,14453,2200,30,12223,11506,0,640,81,7785,1126,1861,0,13,230,0,0,23,207,1891,20,1871,51051,0,1826,49225,63,0,63,73,12,0,61,11477,0,0,1253,4454,5770,572,0,67,505,23838,51,17840,3439,1093,1120,174,121,0,5733,14,627,36,601,306,18,46,12,3931,0,2,140,0,40323,689,12469,14177,2733,24,4968,5263,113625,113625,0,NA,628634
2011-01-01,54702,1143,31221,22185,27,126,17031,3036,18,13977,21072,105,495,73,17233,949,2192,0,25,1011,30,0,101,880,7659,54,7605,92947,0,3301,89646,515,31,484,263,19,0,244,22688,0,0,3334,9343,10011,2060,0,189,1871,43280,28,33728,6090,2177,920,282,21,34,11647,5,1307,99,762,601,10,76,26,7971,1,2,253,534,40338,595,12391,13086,2040,5,5481,6740,114576,114529,47,NA,859578
2011-02-01,39305,783,27501,10831,14,176,11534,1921,71,9542,12027,0,442,46,9169,685,1685,0,0,422,10,0,120,292,1948,14,1934,51052,6,2412,48634,436,74,362,313,0,28,285,16645,77,0,3305,6011,7252,1894,0,249,1645,34454,15,25304,5037,2002,754,1137,157,48,7940,4,1113,101,534,363,65,69,18,5109,2,0,179,383,38664,601,12016,13641,2089,71,5148,5098,88945,88895,50,NA,611158
2011-03-01,39566,1025,25116,13285,0,140,12325,1870,1,10454,10434,4,1263,13,6742,612,1785,0,15,281,0,0,0,281,1152,29,1123,47436,0,2257,45179,121,0,121,145,7,0,138,12426,1,2,1691,4493,6239,551,0,49,502,25441,46,19643,4025,1119,405,75,121,7,6328,0,689,51,496,229,13,21,12,4500,1,0,117,199,34103,584,11967,10825,2618,77,4214,3818,105832,105830,2,NA,592282
2011-04-01,32900,869,21200,10646,0,185,11176,1022,14,10140,8080,2,13,40,6062,578,1380,0,5,172,0,0,0,172,568,20,548,34880,0,1379,33501,38,0,38,0,0,0,0,9150,2,0,701,3846,4601,281,0,67,214,18241,6,14226,2962,661,281,50,48,7,5059,0,729,16,450,378,6,35,14,2874,5,0,40,512,21886,505,8093,7457,2249,0,1439,2143,88815,88815,0,NA,462492
2011-05-01,36981,799,22333,13648,0,201,12925,1204,1,11720,8394,30,278,33,6157,613,1254,0,29,142,8,0,0,134,139,35,104,21348,0,925,20423,0,0,0,0,0,0,0,4800,0,0,483,1998,2319,187,0,49,138,11489,116,8662,2097,192,346,41,28,7,3022,0,287,0,278,215,6,23,12,1967,0,3,25,206,15528,157,4707,6163,3150,0,342,1009,75620,75620,0,NA,381150
2011-06-01,36219,689,21867,13501,36,126,11439,1278,8,10153,5993,0,1016,51,3343,610,799,0,174,6,0,0,0,6,44,44,0,13932,1,778,13153,0,0,0,28,27,1,0,3631,0,0,181,1582,1868,64,0,0,64,2517,0,874,1231,123,264,7,18,0,2252,0,164,0,220,19,1,5,4,1762,0,0,1,76,13152,131,2298,5884,3521,0,190,1128,82051,82051,0,NA,342656
2011-07-01,38850,929,23485,14257,41,138,11199,1458,0,9741,4946,0,979,4,1964,1617,382,0,0,9,0,0,0,9,48,48,0,24811,5,648,24158,0,0,0,10,9,1,0,6862,0,0,276,2188,4398,109,0,0,109,2770,0,0,1918,497,314,17,24,0,2980,0,329,0,301,10,1,0,0,2316,1,0,5,17,18400,131,6872,8087,1763,0,104,1443,113610,113610,0,NA,449208
2011-08-01,35625,911,22605,11904,73,132,9954,1131,4,8819,9028,0,991,0,4983,1261,1793,0,0,0,0,0,0,0,33,33,0,12875,12,447,12416,0,0,0,0,0,0,0,5395,0,0,149,1481,3765,96,0,0,96,1888,0,0,1086,443,314,22,23,0,2754,0,335,0,271,127,7,0,8,1849,0,0,19,138,19792,163,7559,7484,1420,0,187,2979,100024,100024,0,NA,394928
2011-09-01,33582,1055,22227,10157,37,106,11051,1874,4,9173,8970,0,781,12,5895,729,1550,0,3,121,20,0,0,101,30,30,0,28685,9,701,27975,0,0,0,16,16,0,0,6298,0,0,423,2595,3280,113,0,0,113,7734,0,5499,1505,371,314,22,23,0,3558,8,498,0,394,127,7,0,8,2359,0,0,19,138,20382,88,6864,9032,1637,0,620,2141,95562,95562,0,NA,432204
2011-10-01,33734,1261,21668,10590,18,197,12169,1430,15,10724,8620,0,367,25,5550,779,1899,0,0,103,0,0,0,103,34,34,0,35536,0,797,34739,0,0,0,1,1,0,0,9407,0,0,731,4333,4343,126,0,0,126,14076,7,10876,1837,880,314,139,23,0,4164,0,689,0,373,230,1,22,49,2649,1,0,25,125,27202,213,9021,10784,2508,0,1982,2694,105099,105099,0,NA,500542
2011-11-01,34667,1459,21325,11703,43,137,11540,1545,14,9981,10326,0,766,3,6316,630,2611,0,0,184,11,0,1,172,244,68,176,37036,1,819,36216,7,7,0,0,0,0,0,9181,0,0,830,3638,4713,116,0,4,112,15345,32,11370,2236,1219,407,42,39,0,4714,0,602,39,529,248,5,50,10,3036,0,0,69,126,40972,435,11872,15643,2728,0,5497,4797,112743,112743,0,NA,554150
2011-12-01,40685,1415,21391,17702,32,145,15581,1598,30,13953,8576,0,508,0,4954,1358,1756,0,0,226,0,0,0,226,2334,7,2327,59940,1,898,59041,56,6,50,51,0,0,51,16560,0,0,1888,6200,8472,476,0,67,409,24033,13,18355,3213,1037,1120,174,121,0,7314,18,879,36,625,306,18,46,12,5232,0,2,140,0,49220,702,14439,18579,4773,2,5148,5577,122059,122059,0,NA,694222
2012-01-01,51626,1696,32173,17523,47,187,19225,2883,24,16318,20695,0,783,28,16486,1016,2302,0,80,4088,101,0,74,3913,9906,48,9858,120405,10,891,119504,574,353,221,338,43,0,295,29482,0,0,4250,11360,13872,1886,0,224,1662,36251,18,28120,5789,1599,288,188,208,41,12919,19,1303,165,780,589,36,110,87,8935,4,0,102,789,49617,679,14037,17153,3632,118,5906,8092,133489,133372,117,NA,981002
2012-02-01,41745,1418,29126,11047,23,131,14314,2696,93,11525,13004,0,706,47,10012,711,1432,0,96,775,16,0,249,510,3905,26,3879,83455,17,1870,81568,0,0,0,394,0,0,394,25522,128,7,3914,9865,11608,1984,0,306,1678,35468,18,27818,5246,1674,313,157,187,55,9026,4,1434,94,673,397,101,110,67,5430,6,2,166,542,44713,605,13114,15949,3734,241,5794,5276,112810,112776,34,NA,774230
2012-03-01,37963,1425,25362,11006,11,159,15018,1680,31,13307,10157,5,764,9,6949,672,1758,0,0,195,0,0,0,195,1000,46,954,46026,10,1601,44415,0,0,0,201,10,0,191,11614,0,3,1311,4571,5729,382,0,132,250,19651,31,15815,2311,781,512,110,91,0,4175,6,349,59,401,182,27,31,9,2870,0,0,83,158,29575,330,10186,8877,2565,99,3680,3838,124301,124275,26,NA,600516
2012-04-01,32966,1340,22032,9442,0,152,13979,1569,26,12384,8671,7,618,12,5951,445,1638,0,0,264,0,0,2,262,1074,0,1074,46234,4,1777,44453,0,0,0,61,0,0,61,16894,0,0,2235,7274,7385,326,0,86,240,23160,94,19025,2798,467,670,61,45,0,6112,8,962,4,458,343,40,51,25,3569,4,3,63,582,25694,320,9629,8689,3319,19,1378,2340,102992,102992,0,NA,556854
2012-05-01,32382,1135,21150,9995,0,102,15263,1354,45,13864,9849,19,744,43,6621,531,1891,0,0,108,0,0,30,78,44,44,0,27482,1,1772,25709,0,0,0,22,22,0,0,7652,0,0,795,3549,3308,139,0,6,133,12388,0,10443,1302,192,396,27,28,0,3471,0,341,0,336,146,21,17,0,2433,2,5,7,163,16062,248,5756,6247,2493,0,319,999,93860,93860,0,NA,437444
2012-06-01,31030,1112,18498,11300,0,120,14866,2477,53,12336,6101,12,604,7,3890,468,1120,0,0,50,0,0,0,50,5,5,0,15409,1,1799,13609,0,0,0,4,4,0,0,4608,0,0,394,1695,2519,65,0,3,62,8092,0,6588,1056,108,305,20,15,0,2230,8,235,0,195,73,14,9,0,1630,0,3,11,52,10213,225,4359,3317,1631,0,75,606,99535,99535,0,NA,384416
2012-07-01,38486,1289,23694,13346,0,157,18699,1645,84,16970,8083,0,819,0,5213,591,1460,0,0,63,0,0,0,63,11,11,0,31642,0,1665,29977,0,0,0,0,0,0,0,8655,0,0,843,3337,4475,159,0,0,159,14324,0,11133,2456,277,420,15,23,0,3419,0,388,0,325,95,6,34,9,2502,0,4,0,56,18604,97,6830,8395,1993,0,51,1238,119183,119183,0,NA,522656
2012-08-01,35967,1310,22646,11861,0,150,17110,2311,46,14753,6227,0,645,19,3720,427,1416,0,0,31,0,0,0,31,1,1,0,23234,0,1529,21705,0,0,0,0,0,0,0,7743,0,0,829,3121,3793,95,0,0,95,13623,0,11366,1613,214,396,15,19,0,3619,14,500,0,283,111,8,14,6,2620,0,0,4,59,26774,54,9118,11149,2095,0,223,4135,115319,115319,0,NA,499486
2012-09-01,32671,1473,21338,9644,0,216,15416,1503,51,13862,6286,0,568,14,3825,691,1188,0,0,448,7,0,79,362,2,2,0,34019,5,1522,32492,0,0,0,0,0,0,0,10069,0,0,990,4094,4985,160,0,0,160,16385,8,13373,2075,368,467,54,40,0,4662,0,584,0,450,199,4,25,7,3065,3,0,22,303,23201,290,7340,9149,2757,0,880,2785,98234,98234,0,NA,483106
2012-10-01,31600,1476,19407,10556,0,161,16709,1538,87,15084,7842,0,483,9,4988,461,1901,0,0,154,0,0,0,154,2,2,0,39259,1,2243,37015,0,0,0,0,0,0,0,8652,0,1,799,3353,4499,210,0,0,210,16337,8,12927,2064,742,540,28,28,0,4649,0,520,0,448,207,10,17,17,3054,3,0,46,327,25735,192,8061,9789,3030,0,1934,2729,113705,113705,0,NA,529708
2012-11-01,33327,1543,20560,11055,0,169,14754,1583,53,13118,8212,0,352,16,4822,986,2014,0,22,214,0,0,0,214,419,2,417,43670,1,2168,41501,0,0,0,27,0,0,27,9966,1,0,1021,4275,4669,368,0,134,234,20487,13,15800,2740,1259,480,133,62,0,5033,0,593,36,449,205,31,48,24,3303,0,9,59,276,37004,591,10273,14348,2477,0,5359,3956,125761,125761,0,NA,598484
2012-12-01,40922,1571,21725,17469,0,157,20102,2310,152,17640,8538,0,121,17,5570,1835,995,0,0,260,0,0,10,250,3172,5,3167,60133,0,2332,57801,385,385,0,53,0,0,53,15674,0,0,1723,5802,8149,548,0,124,424,29028,5,23632,3499,916,735,161,80,0,8713,0,944,85,619,384,5,78,23,5883,1,9,147,535,50395,736,14554,19521,4949,0,5048,5587,132405,132405,0,NA,740656
2013-01-01,53822,2527,32000,19102,0,193,26795,3102,60,23633,19358,0,415,0,15517,2788,638,0,0,4023,0,0,117,3906,8095,28,8067,99716,5,1704,98007,2190,2144,46,430,0,0,430,35568,0,0,4801,10981,19786,2618,0,422,2196,32309,23,22000,6757,1622,1423,233,146,105,12971,15,1100,147,724,616,55,34,13,9167,59,2,290,749,48642,398,14491,15041,3684,130,7142,7756,137966,137812,154,NA,969006
2013-02-01,41330,1557,27752,11897,0,124,16702,2239,51,14412,11453,0,826,15,8492,500,1603,0,17,948,14,9,196,729,1642,4,1638,43798,12,1609,42177,4364,4212,152,344,0,0,344,24814,75,2,3498,8426,12813,1258,0,169,1089,39198,4,30874,5290,1553,1030,167,173,107,9501,4,1464,128,654,317,125,127,58,5676,3,5,290,650,41121,535,11548,14889,3006,79,5805,5259,113778,113727,51,NA,700502
2013-03-01,37893,1389,25099,11254,0,151,17837,1916,32,15889,11944,0,663,31,8463,851,1936,0,0,484,0,0,4,480,2327,0,2327,55354,0,574,54780,2702,2567,135,270,0,0,270,20538,0,0,2772,7934,9832,624,0,168,456,29207,26,24367,3477,858,294,103,82,0,8937,0,1364,88,805,371,68,82,49,5156,0,0,148,806,35942,355,11919,11553,3060,89,4562,4404,132229,132227,2,NA,712576
2013-04-01,33181,1109,21327,10529,0,216,17333,1376,27,15930,8952,0,768,38,5900,628,1618,0,0,140,0,0,0,140,411,1,410,28159,0,633,27526,722,715,7,110,95,0,15,9294,1,2,1246,3266,4779,241,0,0,241,17981,2,14810,2136,441,449,103,40,0,4439,0,396,6,421,177,28,45,26,3033,1,2,52,252,21485,241,7597,8207,2094,58,1343,1945,109552,109552,0,NA,504000
2013-05-01,31161,993,20047,9956,0,165,15866,1723,60,14083,8017,0,672,19,5246,932,1148,0,0,54,0,0,0,54,84,0,84,18771,0,1004,17767,335,335,0,0,0,0,0,7451,0,0,821,2973,3657,85,0,12,73,13432,0,11515,1314,165,371,33,34,0,3729,4,279,0,434,110,2,21,3,2668,2,2,22,182,15404,175,5269,6410,2037,0,317,1196,96227,96227,0,NA,421232
2013-06-01,30673,1010,17693,11794,0,176,14388,1360,11,13017,3491,0,583,22,1268,1287,270,0,61,48,0,0,0,48,0,0,0,15435,31,508,14896,6,6,0,0,0,0,0,6745,0,0,721,2777,3247,85,0,0,85,10930,0,8713,1626,190,377,10,14,0,3591,0,440,0,412,116,4,22,4,2449,1,0,16,127,12111,253,4838,4404,1643,0,95,878,99918,99918,0,NA,394842
2013-07-01,37296,1300,21746,14056,0,194,18548,1396,15,17137,6990,0,549,1,3878,1636,921,0,5,9,9,0,0,0,9,9,0,25800,0,715,25085,0,0,0,0,0,0,0,9969,0,0,1198,3645,5126,104,0,0,104,16523,0,13558,2357,263,313,17,15,0,4360,0,667,0,389,118,2,21,0,3060,2,0,15,86,21916,244,8000,9108,2799,0,168,1597,116831,116831,0,NA,516710
2013-08-01,34294,1104,21911,11122,11,146,14742,1553,9,13180,9140,0,932,6,4546,1412,2244,0,0,11,2,0,0,9,0,0,0,22696,0,510,22186,0,0,0,0,0,0,0,7845,0,0,834,2648,4363,103,0,0,103,14933,1,12879,1493,215,313,24,8,0,3705,0,495,0,267,91,0,19,0,2745,0,1,9,78,25582,221,7513,10800,2723,0,213,4112,119177,119177,0,NA,504456
2013-09-01,32805,1112,21002,10458,58,175,16908,1237,13,15658,8972,0,780,16,5471,808,1861,0,36,88,0,0,0,88,0,0,0,27222,0,540,26682,0,0,0,0,0,0,0,9849,0,0,1017,4095,4737,110,0,0,110,17120,0,14718,1603,388,325,57,29,0,4180,0,690,0,398,109,1,8,0,2844,0,0,28,102,22978,155,7405,9413,2588,0,888,2529,100439,100439,0,NA,481342
2013-10-01,35057,1414,22419,11027,34,163,16686,1856,77,14753,9197,0,627,2,5777,429,2323,0,39,204,0,0,0,204,0,0,0,43094,1,826,42267,0,0,0,0,0,0,0,12378,0,0,1555,4756,6067,182,0,0,182,20160,7,17060,1978,637,410,38,30,0,5750,0,921,0,527,237,1,45,5,3526,0,2,35,451,27576,292,8016,10910,3360,0,2132,2866,120441,120441,0,NA,581450
2013-11-01,32194,1453,19974,10524,21,222,17647,2226,94,15327,11056,0,579,2,6375,741,3303,0,56,348,91,5,0,252,42,6,36,41892,8,680,41204,489,489,0,35,0,0,35,13402,0,0,1348,5547,6507,392,0,75,317,23893,89,19813,2448,1145,232,98,68,0,6180,8,935,46,514,232,6,83,20,3720,0,4,53,559,33366,563,7801,12942,2596,0,5393,4071,127574,127574,0,NA,617020
2013-12-01,42447,1936,23076,17212,12,211,24018,2049,94,21875,12753,0,610,2,8222,1603,2233,0,83,279,0,0,21,258,2794,9,2785,54966,1,847,54118,1189,1148,41,81,19,0,62,16497,0,0,2108,6223,8166,505,0,75,430,27396,0,22705,3230,1063,232,98,68,0,8435,15,868,46,636,232,6,83,20,5913,0,4,53,559,44004,763,12662,15882,3483,0,5432,5782,139272,139272,0,NA,749272
2014-01-01,53334,2402,31828,18819,0,285,27516,2247,55,25214,20840,0,653,0,15973,1365,2746,1,102,1060,0,5,140,915,7359,0,7359,97336,0,1103,96233,2843,2752,91,363,63,0,300,32512,1,4,4998,11700,15809,2699,0,269,2430,47160,23,37702,6685,1712,1038,0,0,0,13605,12,1318,0,733,516,85,198,35,9878,0,0,239,591,50308,498,12911,17524,3340,157,7717,8161,134041,133828,213,NA,981952
2014-02-01,43230,1561,29380,12077,0,212,20876,1858,64,18954,13570,0,672,0,9207,1278,2373,0,40,504,10,0,171,323,2513,0,2513,54887,8,723,54156,2040,1877,163,322,0,2,320,22344,9,0,3202,8097,11036,1425,0,150,1275,37453,41,30075,4724,1526,724,221,90,52,9246,0,1205,155,677,516,128,87,31,5673,4,1,202,567,38580,656,10088,14193,2355,73,6225,4990,107135,107064,71,NA,708250
2014-03-01,39704,1582,27121,10743,0,258,21770,3083,38,18649,11527,0,1045,0,7304,974,2121,0,83,274,0,0,17,257,836,0,836,46710,30,590,46090,1440,1290,150,216,2,0,214,16344,0,12,2408,5565,8359,593,0,185,408,26692,19,20836,3468,1196,965,141,67,0,8448,28,959,107,590,283,95,77,58,5576,1,0,124,550,34044,615,10134,11757,2874,191,4710,3763,125379,125353,26,NA,667954
2014-04-01,28793,957,19396,8297,0,143,13200,1626,18,11556,9744,0,720,0,5422,1206,2346,0,50,202,0,0,0,202,636,7,629,34123,36,855,33232,774,755,19,36,0,0,36,11895,0,6,1557,4528,5804,231,0,47,184,18541,0,14527,2600,535,709,122,48,0,6059,0,844,14,522,283,0,77,24,3683,0,0,62,550,19852,315,6603,6542,2034,0,2055,2303,109977,109977,0,NA,508126
2014-05-01,33874,628,21372,11687,0,187,17287,1709,23,15555,8597,0,518,0,5125,1367,1587,0,0,77,0,0,0,77,166,5,161,22088,0,658,21430,142,142,0,0,0,0,0,9233,0,0,1151,3616,4466,200,0,29,171,14578,0,11865,2022,210,429,24,28,0,4467,0,619,14,393,20,8,43,12,3147,12,0,29,170,18362,344,6797,6982,2327,0,501,1411,99471,99471,0,NA,457084
2014-06-01,31854,638,20713,10328,0,175,17744,1608,11,16125,7813,0,603,0,5025,857,1142,0,186,15,0,0,2,13,0,0,0,14051,5,601,13445,0,0,0,0,0,0,0,4282,0,0,391,1790,2101,70,0,0,70,8650,0,6777,1290,182,377,10,14,0,3266,0,312,0,313,116,4,22,4,2351,1,0,16,127,11206,188,4852,3646,1701,0,80,739,94053,94053,0,NA,386008
2014-07-01,39491,1321,24151,13688,0,331,20807,1360,24,19423,8157,0,311,0,4743,1230,1866,0,7,97,0,0,2,95,0,0,0,25388,73,732,24583,0,0,0,0,0,0,0,9428,0,5,1102,3971,4350,77,0,0,77,14106,0,11154,2311,196,415,12,18,0,4431,0,456,0,387,62,7,27,0,3362,0,2,7,121,16497,223,5789,6785,2059,0,203,1438,131947,131947,0,NA,540852
2014-08-01,34371,1208,23114,9831,0,218,14765,1481,20,13264,7071,0,26,0,2981,1096,2929,0,39,84,0,27,0,57,0,0,0,23766,0,520,23246,0,0,0,0,0,0,0,7615,0,0,749,3338,3528,142,0,0,142,16322,4,13187,2015,216,836,35,29,0,3826,0,352,0,341,90,4,18,27,2826,0,2,10,156,19911,386,6597,7543,1730,0,188,3467,123385,123385,0,NA,502516
2014-09-01,31847,1233,21342,9116,0,156,16305,1414,13,14878,8086,0,120,0,4507,848,2516,0,95,144,0,0,23,121,4,4,0,26515,0,726,25789,0,0,0,0,0,0,0,9619,0,1,944,4349,4325,157,0,0,157,14236,0,11982,1583,319,309,25,18,0,4226,0,409,0,399,106,2,40,10,2907,0,9,9,335,18112,206,6173,7180,1503,0,1126,1924,115466,115466,0,NA,489434
2014-10-01,34353,1426,22714,10070,0,143,16478,1648,29,14801,10686,0,535,0,5874,1055,3176,0,46,84,0,0,0,84,41,41,0,42656,0,805,41851,0,0,0,6,6,0,0,11845,0,0,1336,5164,5345,235,34,0,201,18369,2,15104,2195,787,205,42,34,0,5518,0,610,0,634,94,0,28,5,3748,4,20,41,334,25936,322,7758,10183,2308,0,2741,2624,135966,135966,0,NA,604346
2014-11-01,33378,1445,21423,10342,0,168,18040,1511,13,16516,9261,0,0,0,4683,902,3549,0,127,372,0,0,4,368,134,0,134,40011,0,906,39105,367,367,0,75,5,0,70,11572,1,1,1615,4678,5277,278,0,0,278,22334,6,18165,2735,1232,0,147,49,0,6049,0,663,15,762,119,17,33,33,3951,3,12,93,348,36987,542,10335,13128,2374,0,6432,4176,133996,133996,0,NA,625708
2014-12-01,42317,1787,24435,15851,36,208,23352,2016,20,21316,12432,0,0,0,7414,1722,3133,0,163,426,0,5,101,320,3978,16,3962,70521,0,610,69911,1273,1221,52,69,0,0,69,21029,7,0,2583,7958,10481,695,0,0,695,33347,14,28235,3830,989,0,154,125,0,9821,13,798,82,780,286,25,128,65,7146,1,10,127,360,51831,582,15397,18260,4442,164,7030,5956,167185,167172,13,NA,876552
2015-01-01,56803,2333,35338,18911,0,221,30029,2662,55,27312,22485,0,60,0,15812,2056,4302,1,254,2602,362,0,506,1734,11044,2,11042,121639,1,486,121152,3305,3111,194,426,0,0,426,38398,1,0,6905,12263,19229,2614,0,249,2365,53907,11,43957,7117,1506,1316,0,0,0,16608,16,1210,0,1332,516,85,198,35,12386,0,0,239,591,53317,785,14457,16808,3459,241,9181,8386,147478,147265,213,NA,1121310
2015-02-01,43330,1415,31225,10495,0,195,18422,2100,45,16277,13757,0,25,0,9916,1080,2516,1,219,960,4,0,299,657,5207,0,5207,90829,0,525,90304,3602,3379,223,481,0,0,481,31814,33,0,4625,12667,14489,1871,0,430,1441,50711,18,40025,6041,3259,1034,204,123,7,13127,24,1339,182,1301,461,197,93,92,8332,0,0,222,884,46089,606,13194,15738,3271,453,7164,5663,112215,112069,146,NA,864830
2015-03-01,38560,700,28898,8855,0,107,19844,2507,21,17316,11058,0,19,0,6923,1297,2704,0,115,443,7,0,48,388,1605,0,1605,65143,0,811,64332,2883,2787,96,307,0,0,307,20103,0,55,2977,8978,8093,764,0,153,611,34641,10,28842,3941,990,655,133,54,16,11079,0,1048,120,1280,276,70,161,41,7315,6,9,174,579,37336,584,11122,11937,3258,437,5588,4410,127010,126977,33,NA,741552
2015-04-01,32808,7,22827,9802,0,172,19570,2687,11,16872,9821,0,8,2,6028,937,2726,0,120,14,14,0,0,0,17,17,0,57706,0,472,57234,1949,1923,26,131,0,0,131,17655,0,16,2386,8997,6256,393,0,117,276,21717,13,17652,3031,347,570,58,46,0,6631,0,938,22,1051,329,22,133,9,4068,5,0,54,0,25797,313,9346,8935,2613,85,2191,2314,119199,119196,3,NA,626816
2015-05-01,32120,2,22057,9954,1,106,16561,2467,18,14076,7803,0,9,0,4558,1030,2167,0,39,0,0,0,0,0,47,47,0,46543,0,637,45906,1202,1202,0,0,0,0,0,12446,0,0,1455,7087,3904,226,0,48,178,15769,0,13670,1721,11,321,29,17,0,6100,1,594,0,648,217,2,109,5,4106,1,0,25,392,17497,411,6994,6448,2086,0,334,1224,107573,107573,0,NA,527774
2015-06-01,35781,36,24915,10702,0,128,18112,2552,23,15537,6693,0,71,0,3629,860,1962,0,171,0,0,0,0,0,794,794,0,41244,43,673,40528,420,420,0,118,118,0,0,9838,0,265,690,5114,3769,100,0,0,100,12370,2,10400,1449,152,334,10,23,0,5701,0,444,0,360,66,0,17,5,4614,0,0,15,180,14481,205,6469,4743,2214,0,121,729,138353,138353,0,NA,568010
2015-07-01,43076,3,28970,13934,0,169,24798,2972,9,21817,11029,0,5,0,6462,1224,3272,0,66,16,0,0,0,16,0,0,0,38085,0,563,37522,128,128,0,0,0,0,0,15407,0,0,1904,6061,7442,143,0,0,143,20773,1,17090,2888,281,494,11,8,0,6773,0,667,0,673,133,1,0,1,5149,1,17,6,125,19937,172,8386,7747,1898,0,103,1631,150896,150896,0,NA,662122
2015-08-01,37800,10,26816,10814,0,160,20558,3212,20,17326,10156,0,0,29,5068,1132,3895,0,32,0,0,0,0,0,0,0,0,21690,0,460,21230,0,0,0,6,6,0,0,12452,0,0,1515,4790,6147,152,0,0,152,21164,7,18114,2330,138,538,17,20,0,6424,0,556,0,708,168,0,11,28,4748,0,2,16,187,26829,284,10267,9826,2118,0,227,4107,137517,137517,0,NA,589496
2015-09-01,35193,10,25147,9838,0,198,19022,2625,8,16389,9473,0,6,0,5775,762,2820,0,110,64,0,0,32,32,0,0,0,37891,0,750,37141,0,0,0,0,0,0,0,15729,0,0,1486,7233,7010,164,0,0,164,21956,12,18921,2014,403,529,65,12,0,6642,0,618,0,747,193,2,106,9,4807,0,0,49,111,27563,253,10412,10323,2652,0,1274,2649,126791,126791,0,NA,600976
2015-10-01,37798,6,26753,10895,0,144,19426,3388,13,16025,10546,0,1,60,5623,1029,3779,0,54,147,0,0,0,147,7,7,0,48572,0,804,47768,27,27,0,0,0,0,0,19903,0,1,2056,9715,8131,295,0,0,295,28709,0,24683,2689,597,590,113,37,0,9381,0,1181,0,1484,307,9,152,10,6102,3,0,22,111,35827,332,13185,13194,3141,0,2951,3024,149692,149692,0,NA,720660
2015-11-01,37608,13,25682,11794,0,119,19329,2910,8,16411,10871,0,1,0,4825,1225,4729,0,91,308,0,0,70,238,0,0,0,67535,0,830,66705,1792,1792,0,54,2,0,52,19682,0,0,2047,9245,8390,351,0,0,351,31143,8,25689,3441,1236,634,98,37,0,9163,8,865,43,1474,249,24,185,7,5902,6,0,1,399,44973,348,13447,15988,3676,0,7274,4240,158478,158478,0,NA,802574
2015-12-01,47409,2,28122,19061,0,224,29735,2768,119,26848,16299,0,501,0,9227,2226,4235,2,108,384,0,0,80,304,4641,3,4638,113027,0,918,112109,4010,4010,0,335,8,0,327,37314,0,1,4786,15430,17097,624,0,0,624,50028,19,43059,4747,831,1056,210,106,0,16957,22,1780,140,2442,485,36,347,46,10712,0,0,186,761,62262,646,18910,22422,6610,0,7174,6500,182251,182239,12,NA,1130552
2016-01-01,57823,15,37922,19714,0,172,32793,4120,23,28650,33649,0,317,0,26052,1770,5177,0,333,2036,0,0,381,1655,19870,0,19870,179300,0,590,178710,14663,14465,198,726,4,0,722,63320,2,0,10143,25293,27882,2674,0,0,2674,76618,26,64079,8904,1611,1451,301,177,69,23022,26,2206,232,2587,648,98,209,80,15959,1,0,339,637,59385,950,16801,18034,5693,217,9413,8277,164907,164776,131,NA,1461572
2016-02-01,48457,1,37645,10596,0,215,20885,2768,45,18072,23345,0,305,0,17692,1282,3800,1,265,1466,0,0,246,1220,11820,8,11812,137186,4,935,136247,15943,15206,737,1172,18,0,1154,56934,22,7,8969,26227,21709,4066,0,0,4066,66585,11,55852,7319,1340,1729,204,123,7,19524,0,2860,182,3104,461,197,93,92,11429,0,0,222,884,53371,1103,15397,17008,4526,668,8295,6374,138691,138545,146,NA,1198890
2016-03-01,45146,17,34088,10898,7,136,21613,2538,29,19046,17484,0,529,0,11965,1267,3574,2,147,771,0,0,95,676,4428,0,4428,117221,0,1131,116090,7761,7575,186,765,0,0,765,37435,0,2,5377,16812,15244,949,0,0,949,46075,5,39178,4857,708,1107,136,84,0,15628,7,2323,126,2868,401,34,221,67,8804,2,1,148,626,39233,497,11400,12145,3896,384,6501,4410,156223,156189,34,NA,1021464
2016-04-01,42623,0,32644,9798,0,181,18897,2203,11,16683,10572,26,398,0,6103,939,2985,1,120,262,0,0,0,262,190,7,183,64905,0,843,64062,3002,2962,40,254,0,0,254,27053,0,2,2645,14436,9970,372,0,2,370,34989,0,30425,3034,357,1069,58,46,0,9330,0,1115,22,1692,329,35,218,9,5630,18,0,115,147,27604,560,10446,9001,3037,88,2353,2119,134137,134132,5,NA,748380
2016-05-01,43358,0,33319,9732,28,279,19860,2613,104,17143,8979,9,421,0,4585,760,3140,0,64,40,0,0,8,32,6,6,0,39864,0,1114,38750,1348,1348,0,0,0,0,0,22450,0,0,1947,11923,8580,186,0,0,186,27350,0,23476,2810,156,827,57,24,0,8451,7,922,0,1373,126,113,190,5,5024,9,0,64,618,21716,176,9656,7095,2956,0,520,1313,126749,126749,0,NA,640714
2016-06-01,37658,12,27553,9467,494,132,19082,2528,41,16513,7633,0,480,0,4020,790,2342,0,1,0,0,0,0,0,0,0,0,20883,11,797,20075,4410,4410,0,118,118,0,0,20356,0,0,1767,10493,8096,193,0,0,193,26671,76,22172,3244,139,981,41,18,0,8242,0,705,0,1388,160,58,206,17,5145,2,7,32,522,20550,326,9678,5101,3983,0,321,1141,136009,136009,0,NA,603610
2016-07-01,53604,11,38903,13980,526,184,25835,1921,47,23867,12618,9,531,0,7097,1763,3218,0,0,0,0,0,0,0,0,0,0,53583,0,606,52977,1208,1208,0,175,175,0,0,35112,0,0,4600,15404,15108,266,0,0,266,39225,1,31856,5781,264,1270,51,2,0,11463,0,1583,0,2353,172,28,236,30,6715,0,0,28,318,29430,256,12219,10193,4543,0,248,1971,178406,178406,0,NA,881850
2016-08-01,37366,0,26500,10271,483,112,18804,1889,22,16893,10988,6,562,0,4837,1208,4369,0,6,0,0,0,0,0,0,0,0,59751,0,1111,58640,0,0,0,0,0,0,0,19756,0,0,2046,8726,8984,147,0,0,147,26352,16,22402,2848,211,873,2,0,0,8891,0,773,0,1451,0,24,84,0,6495,0,0,15,49,24264,378,9417,7710,5051,0,400,1308,164526,164526,0,NA,741690
2016-09-01,34562,0,25119,9050,234,159,19839,1498,8,18333,11123,0,526,0,6332,911,3302,0,52,196,0,0,0,196,6,6,0,83061,1,818,82242,1469,1469,0,0,0,0,0,26880,0,0,2492,14292,10096,196,0,0,196,32707,0,28319,3080,463,840,5,0,0,9644,0,1056,0,1733,0,3,183,0,6166,0,0,23,480,26591,157,10066,8687,4551,0,1556,1574,156918,156918,0,NA,806384
2016-10-01,36402,61,26854,8825,477,185,20504,1734,0,18770,12549,0,609,0,6457,903,4449,0,131,533,0,0,0,533,0,0,0,94881,0,1049,93832,3268,3268,0,0,0,0,0,29227,0,16,3005,14137,12069,319,0,0,319,38972,15,33395,3778,818,966,0,0,0,11625,0,1449,0,2561,0,13,66,0,7283,0,0,0,253,33293,447,10990,10649,4816,0,3646,2745,174749,174749,0,NA,912644
2016-11-01,34322,96,24194,9180,627,225,19265,2022,0,17243,12974,24,536,0,5962,1029,5170,0,253,438,0,0,46,392,3,3,0,92912,0,1357,91555,4306,4306,0,340,0,0,340,28071,0,3,2944,14121,11003,493,0,0,493,39740,8,34246,3446,1332,708,0,0,0,10439,0,1561,0,2113,0,22,82,0,6452,2,0,2,205,41668,415,12360,12394,4425,318,7473,4283,189307,189307,0,NA,948556
2016-12-01,46080,18,25674,19714,464,210,34445,2244,2,32199,22199,0,644,0,15222,2109,3757,0,467,1145,0,0,102,1043,12007,15,11992,144852,0,862,143990,5442,5363,79,814,19,0,795,45349,0,6,4949,19449,20945,1237,0,398,839,56607,0,48178,5972,977,1480,0,0,0,17878,0,1730,0,2916,0,0,0,0,12760,41,12,0,419,57429,873,18632,11625,7952,281,9252,8814,212339,212339,0,NA,1315646
2017-01-01,58881,13,40423,17454,800,191,39003,3927,0,35076,47362,24,462,0,35217,1944,5173,0,4542,6735,0,0,977,5758,28749,7,28742,269991,24,1308,268659,17189,16949,240,1986,0,0,1986,80693,0,0,12359,34807,33527,5280,0,1807,3473,90869,17,74961,11452,2107,2329,3,0,0,25701,0,2426,0,4257,0,0,278,0,18235,0,0,96,409,74372,1069,18139,27164,5764,388,11925,9923,217216,217205,11,NA,1928054
2017-02-01,45829,5,33715,11258,613,238,23555,2558,0,20997,29771,0,397,0,22922,1384,4260,0,808,3141,0,0,432,2709,11603,38,11565,182057,0,660,181397,13629,13300,329,1809,9,0,1800,63267,0,8,9372,29111,24776,3050,0,769,2281,73563,11,60882,9427,1303,1940,0,0,0,22545,0,3117,0,4518,0,193,405,0,12802,3,0,390,1117,62607,1111,13881,23882,6529,1,10927,6276,172617,172438,179,NA,1418086
2017-03-01,39150,30,29249,9256,463,152,24221,1624,0,22597,14639,0,502,0,8549,1268,4058,0,262,844,0,0,155,689,2229,4,2225,101430,0,819,100611,6727,6590,137,697,4,0,693,35090,0,1,4215,16338,14536,1159,0,266,893,47483,17,39756,5305,1259,1146,0,0,0,13832,0,1630,0,2678,0,63,190,0,9054,0,0,3,214,45841,669,12447,15299,5158,0,7856,4412,187781,187718,63,NA,1042246
2017-04-01,36871,8,27395,8729,522,217,20131,1341,53,18737,13803,0,472,0,8256,1066,3692,0,317,714,0,0,60,654,1898,0,1898,95538,0,584,94954,5034,5020,14,451,2,0,449,33343,0,0,3900,17213,12230,683,0,215,468,39282,4,33021,4703,596,953,5,0,0,11186,0,1082,0,1683,0,17,191,0,7722,138,0,105,248,33516,336,11767,10417,4460,82,3539,2915,177176,177176,0,NA,939252
2017-05-01,35647,3,26212,8633,642,157,17543,1440,0,16103,8274,0,179,0,4013,1671,2269,0,142,77,0,0,0,77,65,6,59,50133,0,1107,49026,2044,2044,0,2,2,0,0,23407,0,0,1719,11892,9796,215,0,23,192,28347,4,24324,3119,269,582,0,20,29,7977,0,1124,0,1386,0,35,5,9,5232,1,0,9,176,18503,154,6869,6486,3269,0,514,1211,165719,165719,0,NA,715906
2017-06-01,35320,15,26532,8063,555,155,18357,1460,6,16891,4335,0,0,0,1101,2567,667,0,0,0,0,0,0,0,0,0,0,36753,0,773,35980,159,159,0,189,189,0,0,13887,0,0,1122,6802,5963,81,0,0,81,17111,0,14874,1593,192,452,0,0,0,5493,0,455,0,733,0,0,0,6,4299,0,0,0,0,16964,204,6280,4162,5202,0,233,883,173919,173919,0,NA,645136
2017-07-01,42765,30,29944,12039,544,208,26575,1841,0,24734,11509,0,492,0,6175,1890,2952,0,0,0,0,0,0,0,0,0,0,65167,0,744,64423,0,0,0,0,0,0,0,27043,0,0,1066,13962,12015,120,0,0,120,33745,0,28010,4707,220,808,0,0,0,9763,0,1031,0,1499,0,4,19,0,7167,0,0,0,43,27575,344,11020,8868,5273,0,239,1831,246905,246905,0,NA,982334
2017-08-01,53975,16,36053,16971,647,288,23329,1624,0,21705,12832,0,537,0,5749,2179,4362,0,5,0,0,0,0,0,0,0,0,61930,0,959,60971,0,0,0,4,4,0,0,14318,0,0,738,5367,8213,103,0,0,103,23272,0,19136,3286,140,710,0,0,0,7770,0,1121,0,1200,0,2,11,0,5290,0,0,0,146,14564,227,8282,0,4398,0,381,1276,268061,268061,0,NA,960316
2017-09-01,40251,78,30905,8732,475,61,22134,1584,7,20543,11635,0,355,0,6453,1041,3609,0,177,0,0,0,0,0,1,0,1,78594,0,643,77951,0,0,0,0,0,0,0,25209,0,0,2106,12571,10532,209,0,0,209,33798,0,28790,3753,436,819,0,0,0,10210,0,1443,0,1744,0,1,458,0,6362,0,0,29,173,19345,190,10945,0,4407,0,1927,1876,201117,201117,0,NA,885006
2017-10-01,41722,35,32472,8698,517,0,23353,1873,0,21480,13934,0,541,0,6604,1314,5311,0,164,0,0,0,0,0,0,0,0,83785,0,1143,82642,0,0,0,0,0,0,0,25059,0,0,2288,11455,11316,324,0,0,324,35492,0,29677,4325,755,735,0,0,0,10468,0,1881,0,2079,0,0,117,0,6108,0,2,0,281,24278,383,13356,0,4830,0,2873,2836,223367,223367,0,NA,963564
2017-11-01,43082,25,32993,9662,402,0,23867,1714,0,22153,13329,0,464,0,5414,1452,5740,0,259,559,0,0,0,559,0,0,0,80756,0,1084,79672,2682,2682,0,9,9,0,0,28294,0,0,2461,14352,11481,618,0,0,618,38348,9,31304,4848,1411,776,0,0,0,11785,0,1791,0,1985,0,2,283,0,7279,0,1,59,385,44715,563,12512,13050,4568,212,9239,4571,229199,229199,0,NA,1034486
2017-12-01,55240,88,36860,17842,450,0,38666,2327,0,36339,20891,0,574,0,12054,2731,4960,0,572,1001,0,0,187,814,7962,24,7938,129329,0,842,128487,4584,4561,23,266,0,0,266,42243,0,0,4401,18539,19303,1078,0,142,936,55068,17,46697,5800,1037,1517,0,0,0,16228,0,2659,0,3048,0,0,104,0,10118,0,0,0,299,59333,767,16405,17890,5901,376,10159,7835,260801,260758,43,NA,1385380
2018-01-01,66591,13,46866,18927,785,0,42341,3525,13,38803,40468,6,426,0,29038,2869,6774,0,1355,4775,0,0,681,4094,22972,6,22966,207678,0,1218,206460,10451,10339,112,1069,3,0,1066,62023,44,0,8469,26032,27478,4425,0,686,3739,79524,10,65577,10704,976,1748,227,157,125,22905,3,2606,0,2933,0,79,383,0,15858,16,96,415,516,73047,1070,20960,24067,4246,454,12184,10066,255057,254823,234,NA,1786652
2018-02-01,57318,26,45525,10936,831,0,26836,2104,12,24720,26100,0,494,0,18421,1745,4788,0,652,1945,0,0,291,1654,10693,0,10693,152432,4,649,151779,9753,9523,230,1084,0,0,1084,50398,0,0,7250,23157,19991,2973,0,400,2573,64240,24,52925,8333,1092,1691,148,1,26,21745,0,2784,0,3155,0,119,402,0,14118,0,3,499,665,55657,1133,12523,20391,4582,501,10310,6217,201849,201745,104,NA,1366046
2018-03-01,55144,29,44600,10097,418,0,23840,1210,6,22624,18300,0,531,0,11280,1289,4641,3,556,991,0,0,178,813,3795,0,3795,106235,47,992,105196,4869,4767,102,652,0,0,652,32820,0,5,4360,15936,12519,1532,0,263,1269,45872,15,37606,6154,661,1277,104,55,0,26330,0,2171,0,2781,0,35,265,0,20585,0,13,7,473,39699,670,9580,14010,3115,402,7324,4598,214181,214143,38,NA,1148520
2018-04-01,43211,36,34562,8367,246,0,19859,1000,3,18856,11791,11,529,0,6208,1123,3543,0,377,332,0,0,12,320,244,10,234,71427,14,945,70468,2190,2167,23,73,0,0,73,24582,0,0,2189,9753,12640,571,0,76,495,32584,1,26480,4665,269,979,9,0,181,17811,0,1028,0,1596,0,27,162,0,14650,0,8,115,225,27670,378,6014,9734,4465,121,4317,2641,183913,183911,2,NA,872516
2018-05-01,33448,21,24631,8399,397,0,23473,821,12,22640,9871,0,396,0,4488,1063,3764,0,160,130,0,0,0,130,0,0,0,46112,0,1093,45019,700,700,0,5,5,0,0,18032,0,3,1333,6922,9774,204,0,1,203,20339,0,16866,2628,212,633,0,0,0,8851,0,647,0,833,0,0,40,0,7195,0,0,61,75,18853,366,3983,8210,3816,0,941,1537,149497,149497,0,NA,659030
2018-06-01,34367,1,25807,8306,253,0,39265,727,4,38534,5612,0,420,0,1941,1680,1514,0,57,83,0,0,0,83,0,0,0,21196,0,891,20305,8,8,0,16,16,0,0,6317,0,4,443,3030,2840,77,0,0,77,9195,0,6870,1767,151,406,1,0,0,3997,0,261,0,425,0,3,25,0,3253,0,0,0,30,9622,425,3754,3111,1302,0,250,780,151662,151662,0,NA,562834
2018-07-01,44457,2,36564,7352,539,0,37220,838,28,36354,10629,0,575,0,4262,3851,1832,0,109,38,0,0,0,38,0,0,0,31766,0,947,30819,37,37,0,7,7,0,0,41126,0,4,1477,6523,33122,217,0,0,217,20763,0,16374,3709,3,677,0,0,0,2530,0,509,0,780,0,2,0,0,1239,0,0,0,0,13845,23,5227,5062,1777,0,426,1330,207163,207163,0,NA,819596
2018-08-01,42616,8,33031,8761,746,70,28727,894,0,27833,12903,0,483,0,4532,1935,5935,0,18,0,0,0,0,0,0,0,0,30813,1,2603,28209,335,335,0,44,44,0,0,18169,0,0,1346,4437,12386,198,0,0,198,23870,0,21226,2090,0,554,0,0,0,5376,0,547,0,742,0,0,17,0,4036,2,0,0,32,14207,6,5366,5415,1824,0,329,1267,195185,195185,0,NA,744886
2018-09-01,39230,22,30714,7910,407,177,23193,642,0,22551,11957,0,338,0,6164,1284,4083,0,88,56,0,0,0,56,0,0,0,28587,1,665,27921,390,390,0,0,0,0,0,10489,0,0,910,5030,4549,252,0,0,252,59696,1,57333,1919,0,443,0,0,0,4698,0,561,0,644,0,0,19,0,3421,0,0,0,53,15839,1,6365,4893,1546,0,1568,1466,157220,157220,0,NA,703214
2018-10-01,42415,31,33747,8149,357,131,26981,645,0,26336,9353,0,334,0,3472,805,4613,0,129,185,0,0,0,185,0,0,0,37571,0,1275,36296,32,32,0,31,31,0,0,14059,0,0,1089,4765,8205,224,0,0,224,22321,0,19530,2336,0,455,0,0,0,6338,0,530,0,862,0,0,2,0,4909,0,0,0,35,34539,55,16849,8906,2305,0,4451,1973,175323,175323,0,NA,738744
2018-11-01,45670,14,36529,8578,444,105,51099,693,8,50398,11718,0,448,0,4149,1396,5469,0,256,384,0,0,82,302,64,0,64,40251,0,969,39282,1279,1279,0,12,12,0,0,12737,0,2,1456,5458,5821,2131,0,0,2131,47180,2,43311,3310,0,557,0,0,0,9155,0,598,0,867,0,0,0,0,7690,0,0,0,0,42530,155,10776,13494,2275,358,10561,4911,199764,199764,0,NA,927948
2018-12-01,57898,68,40800,16426,495,109,38518,865,0,37653,17301,0,749,0,8017,3087,5006,0,442,560,0,0,125,435,5269,486,4783,67467,0,657,66810,1768,1751,17,305,6,0,299,25819,0,0,2358,10205,13256,2484,0,45,2439,32566,4,25113,6514,0,935,0,0,0,12754,0,897,0,1235,0,0,1,0,10619,0,0,0,2,59777,465,12798,26513,4897,350,11062,3692,235449,235425,24,NA,1115870
2019-01-01,64510,19,44243,19290,850,108,45501,1823,0,43678,25603,0,333,0,15446,3148,6060,0,616,1872,0,0,141,1731,13503,1399,12104,106986,0,1095,105891,3915,3915,0,560,4,0,556,37217,0,2,5489,14022,17704,3002,0,434,2568,44911,4,34522,7385,1721,1279,0,0,0,17412,4,1282,0,1812,0,0,0,0,14314,0,0,0,0,59326,1031,13382,16969,3458,384,13759,10343,201058,201058,0,NA,1250752
2019-02-01,45677,3,38397,6650,463,164,20591,1091,0,19500,14235,0,376,0,7954,1778,4092,0,35,656,0,0,91,565,4904,382,4522,71657,5,570,71082,3103,3103,0,413,0,0,413,27933,0,5,3725,11065,13138,2274,0,283,1991,36295,16,28175,5273,1769,1062,0,0,0,11860,0,1224,0,1558,0,0,0,0,9078,0,0,0,0,46654,1070,11920,13407,2866,329,11109,5953,150526,150511,15,NA,873556
2019-03-01,49666,21,40230,8796,494,125,23439,622,0,22817,13726,0,416,0,5907,2540,4722,0,141,541,0,0,173,368,1952,0,1952,57090,0,659,56431,2390,2361,29,432,0,0,432,23053,0,1,2924,9216,10912,1523,0,298,1225,30582,10,23300,5092,1206,974,0,0,0,10518,0,808,0,1471,0,0,0,0,8239,0,0,0,0,38193,732,9371,10587,2786,312,9985,4420,201695,201627,68,NA,909600
2019-04-01,51116,7,41311,9301,401,96,20486,586,0,19900,11409,0,501,0,5389,1269,4247,3,0,302,5,0,0,297,908,0,908,48835,1,759,48075,1739,1739,0,243,109,0,134,17549,0,0,1934,7869,7746,635,0,150,485,22579,25,16852,4227,649,826,0,0,0,7379,0,720,0,1268,0,0,0,0,5391,0,0,0,0,24777,471,6681,6786,2717,49,5231,2842,169727,169727,0,NA,755368
2019-05-01,53641,0,45167,7926,457,91,20492,488,0,20004,8893,0,438,0,3791,1077,3587,0,0,96,0,0,0,96,33,33,0,30749,0,509,30240,460,460,0,0,0,0,0,11656,0,0,997,4739,5920,288,0,0,288,13661,0,10069,2670,294,596,32,0,0,4652,0,339,0,629,0,2,0,0,3564,67,0,5,46,14333,7,4979,4777,2026,0,1369,1175,147511,147511,0,NA,612930
2019-06-01,48617,0,38433,9479,559,146,24804,494,0,24310,6802,3,398,0,2584,1198,2619,0,0,31,0,0,0,31,145,145,0,21215,0,596,20619,0,0,0,1,1,0,0,6802,0,0,791,1328,4683,122,0,0,122,11891,0,8412,2750,250,479,0,0,0,4200,0,179,0,472,0,1,18,0,3497,0,0,0,33,11483,120,3536,3326,3111,0,681,709,163842,163842,0,NA,599910
2019-07-01,39532,0,26603,12236,527,166,33603,617,0,32986,9460,369,452,0,3058,1982,3599,0,0,124,0,0,0,124,10,10,0,44712,0,841,43871,473,473,0,10,10,0,0,14064,0,0,994,4641,8429,213,0,0,213,14039,9,9000,4171,315,544,0,0,0,5673,0,511,0,868,0,0,19,0,4275,0,0,0,0,16996,1,7094,5874,2645,0,555,827,197120,197120,0,NA,752058
2019-08-01,32506,0,24507,7607,287,105,26413,502,0,25911,11293,627,501,0,3103,1845,5217,0,0,119,0,0,0,119,0,0,0,30773,4,620,30149,457,457,0,0,0,0,0,10178,0,0,802,3543,5833,288,0,0,288,7605,11,4429,2351,311,503,0,0,0,4597,0,362,0,625,0,0,44,0,3542,0,0,0,24,13232,75,4034,4615,2063,0,1144,1301,185397,185397,0,NA,645716
2019-09-01,24255,7,23705,31,393,119,26253,444,0,25809,8267,638,372,0,2421,1083,3753,0,0,171,0,0,0,171,0,0,0,34690,1,605,34084,802,802,0,0,0,0,0,10888,0,4,900,4821,5163,345,0,0,345,14842,0,11472,2463,389,518,0,0,0,4773,0,533,0,832,0,1,0,0,3407,0,0,0,0,16382,8,5587,5134,1885,0,2552,1216,146869,146869,0,NA,577074
2019-10-01,23098,27,22500,14,449,108,21978,381,0,21597,11742,915,447,0,3850,1224,5306,0,0,185,0,0,0,185,0,0,0,38155,2,1001,37152,824,824,0,3,3,0,0,11277,0,0,1107,4652,5518,313,0,0,313,16431,2,11356,3556,840,677,0,0,0,5941,0,518,0,1054,0,0,0,0,4227,45,0,0,97,22599,45,5728,5842,2162,0,6428,2394,153596,153596,0,NA,612284
2019-11-01,28804,21,24573,3645,420,145,13929,729,0,13200,14175,849,436,0,6255,1300,5335,0,0,235,0,0,50,185,0,0,0,25531,0,729,24802,814,803,11,59,0,0,59,9227,0,0,1275,3449,4503,462,0,0,462,15418,4,9334,4136,1231,713,0,0,0,6774,0,439,0,802,0,0,0,0,5533,0,0,0,0,35211,78,7580,7405,2066,196,12906,4980,141576,141576,0,NA,584430
2019-12-01,42241,8,24182,17400,495,156,42012,741,0,41271,14684,1045,624,0,6190,2424,4401,0,0,374,0,0,90,284,1478,28,1450,40698,0,801,39897,1388,1355,33,254,71,0,183,18968,0,0,1968,7243,9757,985,0,63,922,25770,9,18876,4670,1179,1036,0,0,0,10157,0,712,0,1096,0,0,0,0,8215,0,0,0,134,45637,465,9662,11809,5253,305,13103,5040,186477,186477,0,NA,862246
2020-01-01,51252,9,28993,21537,543,170,44586,370,0,44216,21627,775,325,0,12452,2655,5420,0,0,1212,0,0,120,1092,6250,7,6243,80011,0,760,79251,3529,3446,83,752,329,0,423,30532,0,0,4329,11479,14724,2528,0,284,2244,32123,20,25072,3614,1646,1771,0,0,0,15713,5,930,0,1495,0,0,0,0,13281,0,0,0,2,49666,467,9538,17184,3909,417,16471,1680,169278,169220,58,NA,1018118
2020-02-01,36806,0,25320,10900,444,142,26051,1059,10,24982,12561,590,319,0,5285,1719,4648,0,0,739,0,0,128,611,4658,0,4658,74239,8,818,73413,3193,2969,224,863,400,0,463,29616,0,1,4173,12093,13349,2305,0,224,2081,27249,29,24054,4,1621,1541,0,0,0,12901,0,1101,0,1461,0,0,0,0,10339,0,0,0,0,37987,761,9479,15172,2992,494,6336,2753,130614,130544,70,NA,799564
2020-03-01,17497,0,12376,4827,241,53,13443,379,0,13064,6503,407,157,0,2598,1022,2319,0,0,169,0,0,47,122,430,0,430,18149,3,375,17771,727,695,32,328,186,0,142,6636,0,0,845,2444,3347,569,0,94,475,8871,5,6611,1342,592,321,0,0,0,4241,0,236,0,364,0,0,0,0,3641,0,0,0,0,18596,181,3934,5556,773,86,5265,2801,72102,72071,31,NA,336522
2020-04-01,0,0,0,0,0,0,0,0,0,0,0,0,0,0,0,0,0,0,0,0,0,0,0,0,0,0,0,0,0,0,0,0,0,0,0,0,0,0,0,0,0,0,0,0,0,0,0,0,0,0,0,0,0,0,0,0,0,0,0,0,0,0,0,0,0,0,0,0,0,0,0,0,0,0,0,0,0,0,0,0,0,0,NA,0
2020-05-01,0,0,0,0,0,0,0,0,0,0,0,0,0,0,0,0,0,0,0,0,0,0,0,0,0,0,0,0,0,0,0,0,0,0,0,0,0,0,0,0,0,0,0,0,0,0,0,0,0,0,0,0,0,0,0,0,0,0,0,0,0,0,0,0,0,0,0,0,0,0,0,0,0,0,0,0,0,0,0,0,0,0,NA,0
2020-06-01,0,0,0,0,0,0,0,0,0,0,0,0,0,0,0,0,0,0,0,0,0,0,0,0,0,0,0,0,0,0,0,0,0,0,0,0,0,0,0,0,0,0,0,0,0,0,0,0,0,0,0,0,0,0,0,0,0,0,0,0,0,0,0,0,0,0,0,0,0,0,0,0,0,0,0,0,0,0,0,0,0,0,NA,0
2020-07-01,0,0,0,0,0,0,0,0,0,0,0,0,0,0,0,0,0,0,0,0,0,0,0,0,0,0,0,0,0,0,0,0,0,0,0,0,0,0,0,0,0,0,0,0,0,0,0,0,0,0,0,0,0,0,0,0,0,0,0,0,0,0,0,0,0,0,0,0,0,0,0,0,0,0,0,0,0,0,0,0,0,0,NA,0
2020-08-01,0,0,0,0,0,0,0,0,0,0,0,0,0,0,0,0,0,0,0,0,0,0,0,0,0,0,0,0,0,0,0,0,0,0,0,0,0,0,0,0,0,0,0,0,0,0,0,0,0,0,0,0,0,0,0,0,0,0,0,0,0,0,0,0,0,0,0,0,0,0,0,0,0,0,0,0,0,0,0,0,0,0,NA,0
2020-09-01,0,0,0,0,0,0,0,0,0,0,0,0,0,0,0,0,0,0,0,0,0,0,0,0,0,0,0,0,0,0,0,0,0,0,0,0,0,0,0,0,0,0,0,0,0,0,0,0,0,0,0,0,0,0,0,0,0,0,0,0,0,0,0,0,0,0,0,0,0,0,0,0,0,0,0,0,0,0,0,0,0,0,NA,0
2020-10-01,0,0,0,0,0,0,0,0,0,0,0,0,0,0,0,0,0,0,0,0,0,0,0,0,0,0,0,0,0,0,0,0,0,0,0,0,0,0,0,0,0,0,0,0,0,0,0,0,0,0,0,0,0,0,0,0,0,0,0,0,0,0,0,0,0,0,0,0,0,0,0,0,0,0,0,0,0,0,0,0,0,0,NA,0
2020-11-01,0,0,0,0,0,0,0,0,0,0,0,0,0,0,0,0,0,0,0,0,0,0,0,0,0,0,0,0,0,0,0,0,0,0,0,0,0,0,0,0,0,0,0,0,0,0,0,0,0,0,0,0,0,0,0,0,0,0,0,0,0,0,0,0,0,0,0,0,0,0,0,0,0,0,0,0,0,0,0,8732,8732,0,NA,17464
2020-12-01,0,0,0,0,0,0,0,0,0,0,0,0,0,0,0,0,0,0,0,0,0,0,0,0,0,0,0,0,0,0,0,0,0,0,0,0,0,0,0,0,0,0,0,0,0,0,0,0,0,0,0,0,0,0,0,0,0,0,0,0,0,0,0,0,0,0,0,0,0,0,0,0,0,0,0,0,0,0,0,33260,33260,0,NA,66520
2021-01-01,0,0,0,0,0,0,0,0,0,0,0,0,0,0,0,0,0,0,0,0,0,0,0,0,0,0,0,0,0,0,0,0,0,0,0,0,0,0,0,0,0,0,0,0,0,0,0,0,0,0,0,0,0,0,0,0,0,0,0,0,0,0,0,0,0,0,0,0,0,0,0,0,0,0,0,0,0,0,0,22378,22378,0,NA,44756
2021-02-01,0,0,0,0,0,0,0,0,0,0,0,0,0,0,0,0,0,0,0,0,0,0,0,0,0,0,0,0,0,0,0,0,0,0,0,0,0,0,0,0,0,0,0,0,0,0,0,0,0,0,0,0,0,0,0,0,0,0,0,0,0,0,0,0,0,0,0,0,0,0,0,0,0,0,0,0,0,0,0,20491,20491,0,NA,40982
2021-03-01,0,0,0,0,0,0,0,0,0,0,0,0,0,0,0,0,0,0,0,0,0,0,0,0,0,0,0,0,0,0,0,0,0,0,0,0,0,0,0,0,0,0,0,0,0,0,0,0,0,0,0,0,0,0,0,0,0,0,0,0,0,0,0,0,0,0,0,0,0,0,0,0,0,0,0,0,0,0,0,22744,22744,0,NA,45488
2021-04-01,0,0,0,0,0,0,0,0,0,0,0,0,0,0,0,0,0,0,0,0,0,0,0,0,0,0,0,0,0,0,0,0,0,0,0,0,0,0,0,0,0,0,0,0,0,0,0,0,0,0,0,0,0,0,0,0,0,0,0,0,0,0,0,0,0,0,0,0,0,0,0,0,0,0,0,0,0,0,0,0,0,0,NA,0
2021-05-01,0,0,0,0,0,0,0,0,0,0,0,0,0,0,0,0,0,0,0,0,0,0,0,0,0,0,0,0,0,0,0,0,0,0,0,0,0,0,0,0,0,0,0,0,0,0,0,0,0,0,0,0,0,0,0,0,0,0,0,0,0,0,0,0,0,0,0,0,0,0,0,0,0,0,0,0,0,0,0,0,0,0,NA,0
2021-06-01,0,0,0,0,0,0,0,0,0,0,0,0,0,0,0,0,0,0,0,0,0,0,0,0,0,0,0,0,0,0,0,0,0,0,0,0,0,0,0,0,0,0,0,0,0,0,0,0,0,0,0,0,0,0,0,0,0,0,0,0,0,0,0,0,0,0,0,0,0,0,0,0,0,0,0,0,0,0,0,0,0,0,NA,0
2021-07-01,0,0,0,0,0,0,0,0,0,0,0,0,0,0,0,0,0,0,0,0,0,0,0,0,0,0,0,0,0,0,0,0,0,0,0,0,0,0,0,0,0,0,0,0,0,0,0,0,0,0,0,0,0,0,0,0,0,0,0,0,0,0,0,0,0,0,0,0,0,0,0,0,0,0,0,0,0,0,0,0,0,0,NA,0
2021-08-01,0,0,0,0,0,0,0,0,0,0,0,0,0,0,0,0,0,0,0,0,0,0,0,0,0,0,0,0,0,0,0,0,0,0,0,0,0,0,0,0,0,0,0,0,0,0,0,0,0,0,0,0,0,0,0,0,0,0,0,0,0,0,0,0,0,0,0,0,0,0,0,0,0,0,0,0,0,0,0,0,0,0,NA,0
2021-09-01,0,0,0,0,0,0,0,0,0,0,0,0,0,0,0,0,0,0,0,0,0,0,0,0,0,0,0,0,0,0,0,0,0,0,0,0,0,0,0,0,0,0,0,0,0,0,0,0,0,0,0,0,0,0,0,0,0,0,0,0,0,0,0,0,0,0,0,0,0,0,0,0,0,0,0,0,0,0,0,0,0,0,NA,0
2021-10-01,0,0,0,0,0,0,54,54,0,0,92,0,92,0,0,0,0,0,0,0,0,0,0,0,0,0,0,0,0,0,0,0,0,0,0,0,0,0,0,0,0,0,0,0,0,0,0,0,0,0,0,0,0,0,0,0,0,0,0,0,0,0,0,0,0,0,0,0,0,0,0,0,0,0,0,0,0,0,0,16205,16205,0,NA,32702
2021-11-01,0,0,0,0,0,0,97,97,0,0,317,0,317,0,0,0,0,0,0,0,0,0,0,0,0,0,0,0,0,0,0,0,0,0,0,0,0,0,0,0,0,0,0,0,0,0,0,0,0,0,0,0,0,0,0,0,0,0,0,0,0,0,0,0,0,0,0,0,0,0,0,74,74,0,0,0,0,0,0,35456,35456,0,NA,71888
2021-12-01,0,0,0,0,0,0,139,139,0,0,916,0,916,0,0,0,0,0,0,0,0,0,0,0,0,0,0,0,0,0,0,0,0,0,0,0,0,0,0,0,0,0,0,0,0,0,0,0,4,0,0,4,0,0,0,0,0,156,0,0,0,107,0,0,0,0,49,0,0,0,0,4196,222,0,3974,0,0,0,0,66703,66703,0,NA,144228
2022-01-01,0,0,0,0,0,0,132,132,0,0,489,0,489,0,0,0,0,0,0,0,0,0,0,0,0,0,0,5860,0,0,5860,0,0,0,0,0,0,0,0,0,0,0,0,0,0,0,0,0,173,0,0,173,0,0,0,0,0,388,0,0,0,238,0,0,0,0,150,0,0,0,0,13295,257,0,13038,0,0,0,0,49398,49398,0,NA,139470
2022-02-01,0,0,0,0,0,0,260,260,0,0,612,0,612,0,0,0,0,0,0,0,0,0,0,0,0,0,0,6597,0,0,6597,0,0,0,0,0,0,0,0,0,0,0,0,0,0,0,0,0,220,0,0,220,0,0,0,0,0,577,0,0,0,332,0,0,0,0,245,0,0,0,0,11699,80,0,11619,0,0,0,0,50310,50310,0,NA,140550
2022-03-01,0,0,0,0,0,0,318,318,0,0,815,0,815,0,0,0,0,0,0,0,0,0,0,0,0,0,0,6689,0,0,6689,0,0,0,0,0,0,0,0,0,0,0,0,0,0,0,0,0,242,0,0,242,0,0,0,0,0,515,0,0,0,281,0,0,0,0,234,0,0,0,0,7242,71,0,7171,0,0,0,0,65409,65409,0,NA,162460
2022-04-01,0,0,0,0,0,0,360,360,0,0,744,0,744,0,0,0,0,0,0,0,0,0,0,0,0,0,0,13575,0,0,13575,0,0,0,0,0,0,0,0,0,0,0,0,0,0,0,0,0,210,0,0,210,0,0,0,0,0,759,0,0,0,332,0,0,0,0,427,0,0,0,0,4121,60,0,4061,0,0,0,0,75962,75962,0,NA,191462
2022-05-01,9076,0,5985,2986,0,105,7386,323,0,7063,3673,0,906,0,1781,416,567,0,3,0,0,0,0,0,0,0,0,18448,0,0,18448,256,256,0,0,0,0,0,2813,0,0,0,2813,0,365,0,0,365,4504,0,3847,597,0,60,0,0,0,1341,0,0,0,495,0,0,0,0,846,0,0,0,0,6492,0,3140,2438,0,0,0,914,68981,68981,0,NA,246670
2022-06-01,10985,3,6921,4004,0,57,7900,221,0,7679,3002,0,750,0,1356,485,411,0,0,0,0,0,0,0,0,0,0,12740,1,0,12739,149,149,0,0,0,0,0,2975,0,0,218,1737,1020,171,0,0,171,5365,0,3649,1610,0,106,0,0,0,1813,0,0,0,535,0,0,0,0,1278,0,0,0,0,5671,0,3185,1894,0,0,71,521,76347,76347,0,NA,254236
2022-07-01,17492,4,9872,7534,0,82,10367,276,0,10091,4688,0,654,0,2126,698,1208,0,2,0,0,0,0,0,0,0,0,11093,0,0,11093,0,0,0,1,1,0,0,3133,0,0,141,1200,1792,755,0,0,755,7124,0,4744,2263,0,117,0,0,0,2570,0,0,0,444,0,0,0,0,2126,0,0,0,0,5857,94,2272,2412,0,0,209,870,106562,106562,0,NA,339284
2022-08-01,16424,6,10422,5934,0,62,8805,193,0,8612,4614,0,709,0,1436,931,1520,0,18,0,0,0,0,0,0,0,0,17834,1,13,17820,0,0,0,0,0,0,0,3828,0,0,521,1409,1898,155,0,0,155,6760,2,4811,1767,0,180,0,0,0,2465,0,0,0,628,0,0,0,0,1837,0,0,0,0,7853,121,3520,3014,0,0,293,905,105330,105330,0,NA,348136
2022-09-01,17233,5,10560,6622,0,46,7622,210,0,7412,6036,0,823,0,2714,692,1807,0,0,0,0,0,0,0,0,0,0,37568,0,135,37433,0,0,0,11,11,0,0,9397,0,0,778,4703,3916,203,0,0,203,11025,3,8724,1881,108,271,38,0,0,3511,0,0,0,997,0,0,0,0,2514,0,0,0,0,11842,0,5018,4274,0,0,963,1587,99071,99071,0,NA,407038
2022-10-01,19663,62,12387,7140,3,71,8088,323,0,7765,8017,0,860,0,3294,749,3111,0,3,0,0,0,0,0,5,5,0,44879,0,291,44588,941,941,0,7,7,0,0,12909,0,0,1640,5375,5894,399,0,0,399,16388,0,11872,3641,426,449,0,0,0,5372,0,0,0,1684,0,0,0,0,3688,0,0,0,0,20685,2,6867,7156,0,0,4061,2599,117475,117475,0,NA,509656
2022-11-01,19121,16,11810,7249,0,46,8171,205,0,7966,9990,12,1339,0,3454,1238,3933,0,14,181,0,0,0,181,0,0,0,40491,1,70,40420,1670,1670,0,5,5,0,0,11835,0,0,1427,5437,4971,438,0,0,438,19272,2,13913,4097,709,551,0,0,0,5268,2,0,0,1388,0,0,0,0,3878,0,0,0,0,28624,0,7681,7642,0,0,8571,4730,138984,138984,0,NA,568100
2022-12-01,26956,12,11410,15280,173,81,12459,401,0,12058,13302,9,2393,0,6007,2182,2709,0,2,17,0,0,0,17,6325,0,6325,62383,5,65,62313,2438,2361,77,203,0,0,203,18497,0,0,1998,7783,8716,575,0,0,575,24846,0,17415,5973,522,936,0,0,0,8237,0,0,0,2087,0,0,0,0,6150,0,0,0,0,34946,0,11174,9043,0,0,7557,7172,165764,165760,4,NA,753896
2023-01-01,25714,1,7571,18085,2,55,13242,328,0,12914,18025,0,1269,0,11455,1923,3372,0,6,800,2,0,0,798,14638,41,14597,108217,1,323,107893,5606,5518,88,423,0,0,423,31787,76,1,4756,12737,14217,1699,0,126,1573,39914,0,27070,10208,1186,1450,0,0,0,13179,4,0,0,2326,0,0,0,0,10849,0,0,0,0,56100,1074,12761,18731,0,0,11012,12522,148168,148131,37,NA,955024
2023-02-01,25392,75,13065,12080,76,96,7580,220,0,7360,11200,0,1080,0,5870,1457,2784,0,9,336,0,0,0,336,4699,4,4695,65228,4,223,65001,4611,4344,267,720,352,0,368,24620,6,8,3504,10229,10873,1750,3,303,1444,31885,5,22047,7395,1118,1320,0,0,0,9988,0,0,0,2336,0,0,0,0,7652,0,0,0,0,45172,872,7947,16201,3537,0,9645,6970,118621,118525,96,NA,703604
2023-03-01,24878,10,16111,8144,486,127,12254,315,0,11939,10111,37,1417,0,4320,1168,3168,0,1,258,0,0,0,258,1211,0,1211,40980,0,68,40912,2470,2386,84,340,0,0,340,14812,0,0,1921,5939,6952,931,0,127,804,22458,0,15275,5515,861,807,0,0,0,6842,10,0,0,1024,0,0,0,0,5808,0,0,0,0,34218,686,6792,9028,2641,0,9575,5496,135943,135901,42,NA,615412
2023-04-01,20714,0,13698,6301,652,63,12136,285,0,11851,8991,15,1664,0,5125,964,1222,0,1,0,0,0,0,0,928,0,928,43088,1,0,43087,2175,2131,44,92,0,0,92,12124,0,0,2146,6909,3069,626,0,0,626,19215,0,13588,4511,386,730,0,0,0,6038,0,0,0,1299,0,0,0,0,4739,0,0,0,0,24230,391,6705,6425,2476,0,4946,3287,118290,118290,0,NA,537294
2023-05-01,20898,3,13172,7121,529,73,12274,284,0,11990,8383,2,1409,0,3447,940,2582,0,3,97,0,0,0,97,478,0,478,35272,1,4,35267,1082,1082,0,0,0,0,0,10219,0,0,1508,4231,4480,532,0,0,532,14065,0,10165,3172,156,562,0,10,0,3553,0,0,0,709,0,0,0,0,2844,0,0,0,0,14713,231,5706,3944,1879,0,1499,1454,102877,102877,0,NA,448886
2023-06-01,22113,1,13597,7977,466,72,13864,218,0,13646,6087,25,1299,0,2153,967,1579,0,64,7,0,0,0,7,0,0,0,16589,2,0,16587,326,326,0,0,0,0,0,5601,0,1,673,2213,2714,198,0,0,198,9920,0,6302,3073,82,463,0,0,0,3312,0,169,0,435,0,0,2,0,2706,0,0,0,0,10388,134,4220,2583,1827,0,914,710,114315,114315,0,NA,405440
2023-07-01,30933,39,16971,12778,994,151,15941,268,0,15673,8897,11,1419,0,3501,1789,2165,0,12,100,0,0,0,100,0,0,0,18788,0,7,18781,0,0,0,0,0,0,0,8561,0,0,1163,3268,4130,278,0,0,278,12129,0,8170,3747,54,158,0,0,0,3163,0,231,0,347,0,0,0,0,2585,0,0,0,0,11996,140,4871,3291,1778,0,701,1215,157042,157042,0,NA,535656
2023-08-01,25384,0,15715,8770,821,78,16152,24,0,16128,8620,27,1410,0,2615,1607,2957,0,4,111,0,0,0,111,0,0,0,16123,1,62,16060,0,0,0,0,0,0,0,6059,0,0,896,2191,2972,218,0,0,218,10085,0,7034,2726,10,315,0,0,0,3053,0,289,0,272,0,0,0,0,2492,0,0,0,0,11216,266,5067,2764,1492,0,825,802,159037,159037,0,NA,512116
2023-09-01,24259,0,15463,8037,643,116,18444,4,0,18440,9477,10,1392,0,3582,1515,2976,0,2,91,0,0,0,91,0,0,0,24373,4,95,24274,0,0,0,0,0,0,0,10326,0,0,1220,4069,5037,374,0,0,374,11320,0,8111,2587,0,622,0,0,0,4622,0,806,0,608,0,0,0,0,3208,0,0,0,0,15870,247,5554,4542,1623,0,2292,1612,136576,136576,0,NA,511464
2023-10-01,25600,44,16020,8821,634,81,20223,5,0,20218,11673,18,1549,0,4012,1468,4622,0,4,99,0,0,0,99,12,12,0,46686,1,373,46312,0,0,0,0,0,0,0,12372,0,0,1504,5398,5470,401,0,0,401,17331,0,12254,4436,0,641,0,0,0,5648,0,898,0,698,0,0,0,0,4052,0,0,0,0,24362,305,8202,6340,0,0,6588,2927,166266,166266,0,NA,661346
2023-11-01,24958,50,14985,9585,250,88,19909,37,0,19872,12419,13,1384,0,4056,1551,5413,0,2,310,0,0,0,310,16,0,16,46374,4,82,46288,0,0,0,68,68,0,0,11000,0,0,1342,4211,5447,438,3,0,435,16394,0,11411,4316,30,637,0,0,0,5406,6,756,0,774,0,0,0,0,3870,0,0,0,0,38414,464,11460,8499,2,0,12504,5485,172048,172048,0,NA,695508
2023-12-01,34060,15,16788,17047,12,198,23031,82,0,22949,17264,24,2543,0,7097,3286,4312,0,2,435,0,0,0,435,2860,31,2829,68425,0,388,68037,1073,1073,0,0,0,0,0,18533,0,48,1844,8074,8567,806,0,0,806,23495,0,17104,5415,16,960,0,0,0,7409,0,1242,0,1039,0,0,0,0,5128,0,0,0,0,41164,949,12897,8694,0,0,11867,6757,201077,201077,0,NA,879264
2024-01-01,39800,12,20568,19114,40,66,19221,34,0,19187,22317,0,1613,0,12012,3194,5496,0,2,1064,0,0,0,1064,9662,0,9662,101700,4,148,101548,3262,3262,0,0,0,0,0,26146,77,7,4356,11290,10416,2051,0,208,1843,34095,0,23399,9203,154,1339,0,0,0,11822,0,1241,0,1022,0,0,10,0,9549,0,0,0,0,57082,703,15252,16304,0,0,13332,11491,178009,177892,117,NA,1012462
2024-02-01,30016,0,18561,10860,465,130,16307,14,0,16293,15764,0,1525,0,6855,2538,4843,0,3,468,0,0,0,468,4420,0,4420,77959,12,81,77866,3924,3924,0,420,0,0,420,26894,0,0,3920,11556,11418,1715,0,284,1431,35908,22,25801,8143,572,1370,0,0,0,9651,0,1468,0,1231,0,0,0,0,6952,0,0,0,0,48113,1347,13776,13988,0,329,11884,6789,147624,147580,44,NA,838366
2024-03-01,26819,4,16616,9352,733,114,16407,36,0,16371,15228,14,1591,0,5829,2387,5407,0,0,738,0,0,0,738,4373,0,4373,86828,1,95,86732,4965,4965,0,687,82,0,605,27343,0,0,3801,12150,11392,1141,0,65,1076,34083,0,25673,6805,609,996,0,0,0,9004,2,1733,0,1176,0,0,0,0,6093,0,0,0,0,42818,547,14924,9900,0,343,10588,6516,180742,180738,4,NA,902352
2024-04-01,24036,8,14613,8754,554,107,16536,23,0,16513,15483,305,1135,0,7270,1992,4781,0,0,362,0,0,0,362,463,73,390,91566,1,2,91563,4511,4511,0,354,189,0,165,23528,0,1,3158,10278,10091,543,0,0,543,32244,0,24461,6704,242,837,0,0,0,7269,1,1352,0,924,0,0,0,0,4992,0,0,0,0,29220,430,13268,7882,0,102,4474,3064,149500,149482,18,NA,791230
2024-05-01,23002,1,14628,7682,528,163,16463,13,0,16450,11310,82,1080,0,4312,1730,4103,0,3,0,0,0,0,0,133,133,0,75609,1,30,75578,593,593,0,55,55,0,0,18810,0,0,1328,8776,8706,140,0,0,140,21747,0,16464,4633,25,625,0,0,0,4869,0,717,0,661,0,0,0,0,3491,0,0,0,0,18104,243,9205,5377,0,0,1774,1505,144537,144537,0,NA,670744
2024-06-01,22560,135,14291,7540,433,161,20123,1,0,20122,9780,13,1228,0,4541,1751,2245,0,2,0,0,0,0,0,0,0,0,8285,24,0,8261,107,107,0,65,65,0,0,12409,0,0,1318,4189,6902,127,0,0,127,16766,0,11897,4095,89,685,0,0,0,9431,0,431,0,6428,0,3,31,0,2531,0,0,0,7,9422,141,5326,2550,0,0,499,906,172762,172762,0,NA,563674
2024-07-01,29992,7,17832,11416,535,202,25530,26,0,25504,12527,0,1319,0,5365,3018,2822,0,3,51,0,0,0,51,0,0,0,56164,0,16,56148,0,0,0,0,0,0,0,19850,0,0,2099,9390,8361,199,0,0,199,25484,0,18879,5714,181,710,0,0,0,12194,0,245,0,8931,0,0,0,0,3018,0,0,0,0,14486,290,8141,4069,0,0,772,1214,263790,263790,0,NA,920534
2024-08-01,26060,0,16626,8929,375,130,25501,9,0,25492,10998,14,1002,0,3469,2583,3927,0,3,66,0,0,0,66,0,0,0,35043,1,4,35038,0,0,0,217,217,0,0,14830,0,0,1389,6865,6576,145,0,0,145,20556,0,16135,3745,126,550,0,0,0,7874,0,567,0,4610,0,0,4,0,2693,0,0,0,0,15249,294,8395,4484,0,0,1007,1069,241449,241449,0,NA,795976
2024-09-01,24706,0,15828,8223,496,159,28653,3,0,28650,11856,0,955,0,4812,2354,3728,0,7,297,0,0,0,297,0,0,0,66304,0,12,66292,0,0,0,3,3,0,0,20424,0,0,2538,9150,8736,293,0,0,293,22324,0,18637,3011,224,452,0,0,0,5182,0,1049,0,862,0,0,13,0,3258,0,0,0,0,17879,164,8841,5260,0,0,1989,1625,183781,183781,0,NA,763404
2024-10-01,25270,21,17255,7412,428,154,29392,20,0,29372,14592,15,1200,0,5415,2194,5516,0,252,212,0,0,0,212,5,5,0,84277,1,0,84276,183,183,0,0,0,0,0,28895,0,0,2468,14940,11487,490,0,0,490,36071,0,27723,6766,806,776,0,0,0,8500,0,2050,0,1991,0,0,0,0,4459,0,0,0,0,30866,291,14244,7561,0,83,5801,2886,197816,197816,0,NA,913138
2024-11-01,25272,18,15327,9757,0,170,34526,0,0,34526,16118,15,1543,0,5241,2726,6593,0,0,380,0,0,0,380,602,0,602,89731,0,0,89731,4475,4475,0,113,7,0,106,29712,0,8,4045,13948,11711,669,0,0,669,39357,0,31242,6284,1074,757,0,0,0,9742,0,2634,0,2112,0,0,0,0,4996,0,0,0,0,46844,767,17446,10636,0,290,11927,5778,208009,208009,0,NA,1011100
2024-12-01,30674,26,16472,13953,0,223,36712,67,3,36642,21808,3,2127,0,10384,4613,4680,0,1,637,0,0,0,637,10615,28,10587,132843,0,0,132843,7200,7200,0,592,12,0,580,47794,0,0,5054,21801,20939,1136,0,0,1136,52536,8,43401,7737,266,1124,0,0,0,13165,0,3054,0,1982,0,0,22,0,8107,0,0,0,0,55890,922,20235,13622,1672,373,11260,7806,236141,236137,4,NA,1295486
2025-01-01,33898,3,19877,13737,49,232,41970,14,0,41956,35081,23,1243,0,23767,3887,6158,0,3,2977,0,0,0,2977,26759,1,26758,208263,0,0,208263,19726,19166,560,1881,69,0,1812,79960,212,0,13560,32334,33854,4079,0,520,3559,81621,0,65233,13808,938,1642,0,0,0,25729,0,4469,0,7912,0,0,0,0,13348,0,0,0,0,69638,1033,18311,20134,3835,435,13646,12244,215239,215015,224,NA,1693642
2025-02-01,29359,12,19310,9951,0,86,31137,0,0,31137,23702,16,1352,0,15007,2498,4829,0,0,1940,0,0,0,1940,13825,0,13825,155458,6,0,155452,16254,16137,117,2171,0,0,2171,54715,0,1,15400,32379,6935,5213,0,1359,3854,69387,14,57934,9497,514,1428,0,0,0,21147,0,4786,0,7836,0,0,0,0,8525,0,0,0,0,54620,1168,13126,17033,5129,321,11222,6621,169976,169821,155,NA,1297808
2025-03-01,23930,3,15352,8571,0,4,26347,159,0,26188,16688,7,1125,0,7513,2490,5553,0,0,872,0,0,0,872,4386,0,4386,116090,0,0,116090,11589,11040,549,1738,0,0,1738,39016,0,0,6825,20808,11383,3141,0,486,2655,47430,0,39500,6940,47,943,0,0,0,14872,0,3519,0,4470,0,0,1,3,6879,0,0,0,0,40902,783,9971,11223,4772,259,9078,4816,188488,188405,83,NA,1070978
2025-04-01,22851,4,14672,8175,0,0,23633,0,0,23633,16481,13,1269,0,7811,2222,5165,0,1,443,0,0,0,443,2859,0,2859,114830,0,0,114830,6854,6835,19,376,34,0,342,37954,0,0,4384,19709,13861,1118,0,0,1118,39060,0,31788,6012,440,820,0,0,0,10403,0,2148,0,3391,0,0,3,0,4861,0,0,0,0,29970,404,8984,7627,4883,108,5046,2918,158248,158248,0,NA,930160
2025-05-01,22768,6,13957,8805,0,0,24547,67,0,24480,11551,14,1138,0,4612,1716,4071,0,0,284,0,0,0,284,936,0,936,80258,0,0,80258,2590,2590,0,70,70,0,0,26010,0,0,2761,12251,10998,677,0,0,677,28374,0,23383,4164,197,630,0,0,0,7000,0,2066,0,1062,0,16,0,0,3856,0,0,0,0,18494,311,7461,5119,3031,0,1192,1380,150034,150034,0,NA,747186
2025-06-01,23574,122,14988,8277,0,187,20259,23,0,20236,7676,11,1131,0,2277,2258,1999,0,0,141,0,0,0,141,0,0,0,32010,0,0,32010,459,459,0,20,20,0,0,14197,0,0,1472,6491,6234,466,0,0,466,18419,9,15414,2614,0,382,0,0,0,4703,0,993,0,317,0,0,0,0,3393,0,0,0,0,10474,74,4240,3506,1471,0,398,785,166797,166797,0,NA,598390
2025-07-01,28519,1,16393,11906,0,219,32037,154,0,31883,11094,0,1366,0,3892,3285,2551,0,0,294,0,0,0,294,0,0,0,65755,1,9,65745,1667,1667,0,16,16,0,0,24644,0,0,3129,10570,10945,404,0,0,404,29117,0,22873,5481,0,763,0,0,0,5973,0,1160,0,544,0,11,91,26,4139,0,0,2,0,19405,178,9168,5567,2270,0,816,1406,274019,274019,0,NA,985888
2025-08-01,25544,7,15381,9957,10,189,34028,6,0,34022,11415,4,1165,0,3416,3035,3795,0,0,113,5,0,0,108,0,0,0,42897,1,8,42888,786,786,0,7,7,0,0,29546,0,0,2822,7606,19118,321,0,0,321,23494,0,19352,3656,0,486,0,0,0,5780,0,1096,0,459,0,15,23,0,4182,0,0,0,5,18670,321,9123,4885,2131,0,964,1246,235911,235911,0,NA,857024
2025-09-01,23880,4,15046,8681,0,149,31500,47,0,31453,12081,2,1053,0,4815,2628,3583,0,0,271,3,0,0,268,77,77,0,57525,1,3,57521,656,656,0,17,17,0,0,32370,0,0,2172,10983,19215,396,0,0,396,37538,0,33823,3207,0,508,0,0,0,5422,0,1307,0,493,0,5,37,0,3580,0,0,0,0,20172,237,8590,5301,2315,0,2105,1624,176133,176133,0,NA,796076
2025-10-01,25678,30,16400,9055,0,193,39179,133,0,39046,16347,23,992,0,6490,2602,6240,0,0,583,0,0,0,583,0,0,0,73118,1,250,72867,2951,2951,0,28,0,0,28,25772,0,0,2426,11311,12035,627,0,0,627,33639,0,27348,5638,0,653,0,0,0,6798,0,1302,0,685,0,4,8,0,4799,0,0,0,0,29032,211,9418,7323,4200,116,5109,2655,183994,183994,0,NA,875492
2025-11-01,25793,5,14683,10895,0,210,36320,140,0,36180,18323,33,1352,0,6679,3334,6924,0,1,735,0,0,0,735,288,0,288,76345,2,743,75600,4328,4328,0,565,1,0,564,29769,0,0,3150,13267,13352,878,0,0,878,35277,0,27809,6718,0,750,0,0,0,9047,9,2244,0,891,0,26,102,0,5775,0,0,0,0,43197,548,12156,8098,6290,374,10979,4752,205588,205588,0,NA,972906
2025-12-01,29877,8,15636,14009,0,224,41777,281,0,41496,21471,108,2211,0,9355,4646,5151,0,0,624,0,0,0,624,7441,45,7396,97681,1,6,97674,5100,5038,62,635,39,0,596,38082,0,3,4150,15436,18493,1150,0,0,1150,41898,0,33537,7244,0,1117,0,0,0,10755,1,2056,0,836,0,0,3,0,7859,0,0,0,0,51053,1151,13794,10312,7436,307,11434,6619,244248,244248,0,NA,1183584
